User ID,Predicted User Category,Recommended News Category,Recommended Article
U4058,user_2,Crime,Listen To Angry Woman Dial 911 Over Wrong Pizza Toppings
U1118,user_1,Tech,The Online Funeral
U6555,user_1,Tech,The Top Laptop Deals Of Black Friday 2015
U9170,user_1,Tech,"After Canceling Panel On Harassment, SXSW Now Considering Day-Long Event"
U3348,user_1,Tech,WATCH: The Major Problem With Dating Apps
U2244,user_3,Entertainment,"With 'One Mississippi,' The Moment For Women Storytellers Is Now"
U3022,user_3,Entertainment,5 Reasons We Love Jennifer Lawrence
U5291,user_1,Tech,A Little Apple Goes A Long Way
U1945,user_3,Entertainment,Garth Brooks' Tour Gets a Makeover
U6084,user_3,Entertainment,"Trump Excels at Business, But He Has No Business in International Politics"
U3714,user_2,Crime,Kelly Armstrong Case: Victim's Family Claims Victory With Murder Charge Against Travis Funke
U0498,user_1,Tech,Germany Will Now Require 'Black Boxes' In Self-Driving Cars
U4264,user_3,Entertainment,Fans Raise Lightsabers Around The Country In Tribute To Carrie Fisher
U8953,user_1,Tech,Meg Whitman's Pay Package Tops $15 Million After HP Posts Net Loss In 2012
U3285,user_3,Entertainment,People Are Joking That The Patriots Will Win Super Bowl Despite Scoring Less
U0969,user_2,Crime,Court Rules Adnan Syed Of 'Serial' Podcast Has The Right To A New Trial
U0173,user_3,Entertainment,Willow Smith Tells A Shocked Jada Pinkett Smith She Self-Harmed As A Preteen
U9103,user_1,Tech,'iPhone 5S' With Fingerprint Detection In August And The 'iWatch' By Christmas?: This Week In Apple Rumors
U8708,user_2,Crime,Video Captures Courthouse Beating Of Inmate Accused of Killing Chicago Child
U3330,user_2,Crime,Family Wants Officer Recognized As Boston Marathon Bombers' 5th Victim
U3257,user_1,Tech,Your Favorite Pokemon Will Brutalize Each Other In New Wii U Game
U1008,user_1,Tech,"IPhone 5 Announcement All But Confirmed, IPad Mini In Tow? This Week In Apple Rumors"
U4124,user_2,Crime,LAPD Finds Huge Arsenal In Man's Home While Investigating His Death
U9836,user_2,Crime,Ex-Yahoo Engineer Admits To Hacking Thousands Of Accounts For Sexual Images
U2898,user_1,Tech,Bad Technology Is Failing Good People -- But That's Changing
U4765,user_1,Tech,Watch The Top 9 YouTube Videos Of The Week
U2663,user_2,Crime,Bank Executive's Attempt To Keep DUI Out Of The Paper Backfires Spectacularly
U4905,user_3,Entertainment,Nick Kroll And John Mulaney Rip On Donald Trump At Spirit Awards
U0669,user_3,Entertainment,Kim Kardashian Thought Her Career Was Over After Divorce From Kris Humphries
U0607,user_2,Crime,"Truck Slams Into Mardi Gras Parade Crowd In New Orleans, Injuring Dozens"
U1623,user_3,Entertainment,This Is What It Would Be Like To Buy A Cat From Christopher Walken
U9607,user_3,Entertainment,See All The Winners From The MTV Movie Awards Without Even Watching The Show
U6362,user_1,Tech,Here's Beautiful Drone Footage Of Your Next Vacation Spot
U1527,user_3,Entertainment,Celebrities React To The Death Of Tom Petty
U1000,user_3,Entertainment,"Listen Up, Academy Members: Here's What The Oscar Nominations Should Look Like"
U6935,user_1,Tech,Welcome to Larry Page’s Secret Flying-Car Factories
U8493,user_3,Entertainment,'The Legend Of Hercules' -- Formerly Titled 'Hercules: The Legend Begins' -- Gets New Trailer
U6577,user_3,Entertainment,Will Forte's Half-Shaven Head And Face Look Is So Chic It Hurts
U8473,user_1,Tech,'Gangnam Style' YouTube Views: Psy's Viral Hit Beats Bieber To Become Most-Viewed YouTube Video Ever
U7151,user_2,Crime,Desperate Housewives: The Kennebunk Episode
U9112,user_1,Tech,BlackBerry Maker RIM Reportedly Considers Splitting Off Smartphone Business
U8515,user_2,Crime,Former WWF Wrestler Severely Beaten Outside California Home
U8666,user_1,Tech,"How Digital Platforms Like LinkedIn, Uber And TaskRabbit Are Changing The On-Demand Economy"
U4856,user_2,Crime,Man Allegedly Punches Disabled Veteran Over A Service Dog
U4061,user_1,Tech,Apple To Buy Shazam Amid Rumors It Will Phase Out iTunes Downloads
U4254,user_1,Tech,This Is Why You Should Never Send A Terrorist Threat To An Airline On Twitter
U7040,user_1,Tech,Cyber Monday Deals: How To Find The Best Online Sales And Save Some Major Green
U1720,user_1,Tech,Google Mulls FTC Settlement Over Patents : WSJ
U2202,user_2,Crime,Woman Allegedly Steals Cash From Girl Who Lost Her Family In A Fire
U8311,user_2,Crime,Patton Oswalt Celebrates Michelle McNamara's Legacy After Arrest In 'Golden State Killer' Case
U8058,user_1,Tech,The 23 Funniest Tumblr Blogs That Will Make You LOL
U1905,user_1,Tech,Is BFD The Next LOL?
U4034,user_1,Tech,Microsoft's Windows 10 Is Now Running On 200 Million Devices
U4410,user_2,Crime,"Woman Wins $100,000 Lawsuit After Cops Arrested Her For Swearing"
U8256,user_2,Crime,"Man Faces Charges After Pulling Knife, Stun Gun On Muslim Students At McDonald's"
U5508,user_2,Crime,"Pilot In Fatal Hot Air Balloon Crash Had Drunk Driving, Drug Convictions"
U7166,user_3,Entertainment,Nine Reasons to go See Selma
U1671,user_2,Crime,When Mothers Kill
U6019,user_1,Tech,RIP Flash: Adobe Is Phasing Out The Much-Loathed Brand
U8020,user_3,Entertainment,Try To Keep Calm But K-Pop Band BTS Is Getting A Documentary Series
U1873,user_2,Crime,"4 Dead In Shooting Over Laundry, Police Say"
U2806,user_3,Entertainment,Lady Gaga Crushes On Cardi B's 'Bad Romance' Cover In High School
U1478,user_2,Crime,Nevada Man Gets 4 Years For Scams Using Fake Trump And Biden PACS
U8504,user_2,Crime,13-Year Old Vanishes After Cliff Jumping In Hawaii
U1698,user_2,Crime,"After LA Sheriff's Deputies Fatally Shoot A Man, His Family Claims Excessive Force"
U9223,user_1,Tech,The Surprising Thing You Never Noticed About Apple
U0511,user_2,Crime,"Christopher Swanson, Former Pennsylvania Teacher, Allegedly Put Suicide Note Online"
U3008,user_2,Crime,Accused Cop Killer Researched How To Elude Police Manhunts
U0237,user_3,Entertainment,Kanye West Gave The Most Kanye West Graduation Speech Ever
U3600,user_2,Crime,"Reginald Owen Sear Killed Bunnies In His Hands, Faces 2 Years In Florida Prison"
U7571,user_2,Crime,Suspect In Murder Of Louisiana Cop Arrested After Manhunt
U7168,user_2,Crime,Nicolas Cage Helps Raise Awareness About Missing Ohio Teen
U4313,user_2,Crime,REPORT: Jack The Ripper Finally Identified
U8192,user_2,Crime,Mother's Day When Your Mom's in Prison
U4045,user_1,Tech,Cincinnati Zoo Deletes Social Media Accounts Under Barrage Of Harambe Memes
U8896,user_2,Crime,6 Scary Stories That Will Make You Rethink The Black Hole That Is The Internet
U6964,user_2,Crime,Police Suspect 'Serial Bomber' In Deadly Austin Attacks
U0853,user_3,Entertainment,Dick Cheney Does Not Endorse Donald Trump (Yet)
U1139,user_2,Crime,Police Stood By As Mayhem Mounted in Charlottesville
U9047,user_1,Tech,Court Delivers Devastating Blow to Cellphone-Privacy Advocates
U1161,user_1,Tech,Instagram Android Signup Page Starts Accepting Registration Requests (PICTURE)
U1381,user_3,Entertainment,Ariana Grande Is 'Screaming' After Alexandria Ocasio-Cortez Gives Her Songs A Political Twist
U2188,user_1,Tech,Yahoo Hack Hit More Than 1 Billion Accounts
U4177,user_2,Crime,"Face Eating Attack In China: 'Dong,' Drunken Bus Driver, Allegedly Bites Woman 'Du's' Nose, Lips"
U6676,user_1,Tech,How Facebook is Responding to Fake News
U3000,user_3,Entertainment,Seth Rogen Lip-Syncing 'Hotline Bling' Is Seriously The Best
U5791,user_3,Entertainment,Omarion Wasn't Happy About Grammy Nomination Snub
U9001,user_1,Tech,Privacy Is More Than Locking Your Doors
U5131,user_3,Entertainment,Sandra Oh Is Red-Hot At 2019 SAG Awards In Glittering Gown
U4675,user_2,Crime,Dr. Phil Won't Pay In Defamation Case Over Natalee Holloway
U1283,user_3,Entertainment,"37 Reasons To Avoid The Outdoors, Or: What's New On Netflix In July"
U1495,user_3,Entertainment,'This Is Us' Is Finally Going To Tell Us How Jack Died
U6767,user_2,Crime,Suspect Arrested In Deadly College Shooting
U5514,user_1,Tech,Mark Zuckerberg Will Take 2 Months Of Paternity Leave
U2970,user_1,Tech,Theater Chain Backtracks On Worst Idea Ever
U9354,user_2,Crime,"Fla. Man Accused In Killing Of Wife, Friend, Pastor"
U6785,user_1,Tech,Google's AlphaGo AI Program Defeats One Of World's Best 'Go' Players
U6305,user_3,Entertainment,Ben Affleck Not Running For Senate In Massachusetts
U5549,user_1,Tech,Watch The Top 9 YouTube Videos Of The Week
U6070,user_1,Tech,Apple Pay Is Expanding
U9277,user_2,Crime,Another Year without Celina
U1090,user_2,Crime,1-Month-Old's Face Mauled By Ferrets In Philadelphia Home
U8223,user_3,Entertainment,Hell Must Have Frozen Over Because There's Going To Be A 'High School Musical 4'
U5799,user_1,Tech,The Content Brief: TV Goes Multiplatform at the Upfronts [WATCH]
U3355,user_2,Crime,Retired Cop's Beloved Dog To Be Auctioned Off 'Like A Shovel'
U0964,user_2,Crime,"Chad Palmer, Georgia Deputy Sheriff, Suspended After Dressing In Blackface With Inmate Stripes"
U6130,user_3,Entertainment,"Listen To Kurt Cobain's Raw, Haunting Cover Of The Beatles' 'And I Love Her'"
U1693,user_1,Tech,Microsoft's 'Smart Mirror' Can Read Your Emotions
U6543,user_3,Entertainment,Gwen Stefani And Blake Shelton Take Their Love To The Billboard Music Awards
U6949,user_1,Tech,'Flappy Bird' Creator Taking App Down: 'I Cannot Take This'
U8004,user_3,Entertainment,"The Women Are Already Killing It On 'Game Of Thrones' This Season, As Promised"
U8706,user_1,Tech,"Privacy, Google, and Facebook: Chill!"
U1757,user_1,Tech,Internet Trolls: Disconnect and Reflect on Alan Turing
U3993,user_1,Tech,Rare Pokemon Sparks Massive Stampede In Taiwan
U1322,user_2,Crime,Man Brutally Kills Ex and Her Grandma Because Of Baby's Name: Cops
U2352,user_1,Tech,Is There A Way To Outsmart Text Message Spammers?
U2354,user_2,Crime,Arson Suspected In Islamic Center Fire: Reports
U7417,user_2,Crime,Body Of Missing Gravel Pit Worker Found Nearly A Week After Mine Collapse
U6403,user_3,Entertainment,This Airport Is Offering Galactic Flights For 'Star Wars' Day
U7693,user_1,Tech,Samsung Electric LCD Business To Be Spun Off
U6289,user_3,Entertainment,'Gilmore Girls: A Year In The Life' Review!
U9485,user_2,Crime,"Men Are Impersonating Police To Sexually Exploit Women, And We're Not Paying Enough Attention"
U2029,user_3,Entertainment,Seth Meyers Takes Jab At Donald Trump During Northwestern Commencement Speech
U2079,user_3,Entertainment,Kourtney Kardashian Pulls A 'Mean Girls' Move On Khloe
U9148,user_1,Tech,"Yahoo, Third Point Square Off For Proxy Fight Despite Three New Independent Board Directors"
U0887,user_1,Tech,NY Tech Scene - Rising:  NY Stars Light up NYTM
U4301,user_2,Crime,SWAT Team Throws Grenade That Blows Up In Toddler's Face
U0821,user_2,Crime,"Christina Lopez, Oregon Mom, Allegedly Watched Her Underage Daughter Strip"
U2483,user_1,Tech,You Might Lose Sleep Over This Guy's Facebook Hack
U3064,user_1,Tech,3 Enlightening Charts Explain How Men Took Over Tech
U7057,user_2,Crime,"Police Seek 'Cute,' 'Handsome' And 'Well Dressed' Con Man"
U4644,user_2,Crime,University Of Wisconsin Student Accused Of Multiple Sexual Assaults
U1896,user_1,Tech,HTC Executives Arrested On Suspicion Of Leaking Trade Secrets To China
U4462,user_1,Tech,Why It's Taking So Long To Get More Electric Cars On The Road
U2107,user_3,Entertainment,Tavis Smiley: My Conversation With Boz Scaggs
U6516,user_3,Entertainment,"Kylie Jenner's Rumored New Man, PartyNextDoor, Is Already Singing Songs About Her"
U2583,user_1,Tech,More Bad News For Android Users
U0158,user_3,Entertainment,In Praise Of Men And Women Who Know How To Be Funny Together
U7976,user_1,Tech,Why Online Gambling Is Still Illegal In Most U.S. States
U8301,user_1,Tech,Ad-Blocking Just Might Save The Ad Industry
U7650,user_3,Entertainment,Taylor Swift's Former Bodyguard Said He Saw Groping Occur
U4134,user_1,Tech,Yelp Helps You Avoid Hipsters And Yuppies In Your City
U8343,user_3,Entertainment,May Demi Lovato's 6-Year Message Of Sobriety Inspire Us All
U8886,user_1,Tech,DVD Player In Tesla Raises Questions In Autopilot Death
U5042,user_1,Tech,"Facebook Is Killing Phone Numbers, And That's OK"
U8081,user_3,Entertainment,Enrique Iglesias And Anna Kournikova Share First Photos Of Newborn Twins
U9256,user_3,Entertainment,Tim Allen Reveals 'The Santa Clause' Was Originally A Lot Darker
U6810,user_2,Crime,Teacher Accused Of Sending Racy Photos To Students Is Fired
U1098,user_1,Tech,"Senator Charles Schumer Asks FTC To Probe Apple, Android"
U3336,user_1,Tech,The Reason Why You Felt That 'Phantom Buzz'
U5905,user_1,Tech,Cola Messenger Is Like Text Messaging On Steroids
U2330,user_2,Crime,18-Year-Old Indiana Man Arrested For Planning To Join Islamic State
U0929,user_2,Crime,Poodle 'In Good Health' After Found Locked Inside Discarded Suitcase
U2066,user_1,Tech,"Senator Charles Schumer Asks FTC To Probe Apple, Android"
U9542,user_2,Crime,"Argument Between Grandmas Ends In Shootout At Texas Walmart, Cops Say"
U7684,user_3,Entertainment,'Game Of Thrones' Episode Description Seemingly Hints At Shocking Arya Twist
U9902,user_2,Crime,Baltimore Detective Killed A Day Before Testifying In Federal Case Against Fellow Cops
U0254,user_1,Tech,A Funeral for Online Appropriateness
U0485,user_1,Tech,ZNGA: Zynga Stock Drops On Weak Pivot To Mobile; Loss Of Casual Gamers Turns Serious
U8862,user_3,Entertainment,Real Frustrated Lawyers Tell A Fake Trump They Won't Save Him
U4331,user_1,Tech,Twitter Hires A Man To Make Sure It's Hiring Enough Women And Minorities
U5342,user_3,Entertainment,Kylie Jenner Gets Long Grey Locks For Halloween
U6863,user_1,Tech,Genius Hack Shows How To Use Amazon Prime Now To Help The Homeless
U6030,user_1,Tech,Google Removed 50 Million 'Pirate' Search Results This Year
U5373,user_1,Tech,JBL Flip Review; JBL Charge Review
U5091,user_3,Entertainment,The Moment Bernie Sanders And Larry David Find Out They're Related Is Too Good
U7226,user_1,Tech,The Addiction and Cost of Social Media
U5243,user_3,Entertainment,Here's Jaden Smith Dancing To 5 Seconds Of Summer
U0010,user_1,Tech,"iPad 3 Release Date And Specs, 'iPad 4G', And An iPad Mini: This Week In Apple Rumors"
U5616,user_2,Crime,New York City Imam Killing Suspect Charged With Murder
U8034,user_1,Tech,"Anonymous Hacks Israel, Declares 'All Your Base Are Belong To Us'"
U1824,user_2,Crime,Two Women Who Broadcast Islamophobic Mosque Visit With Children Are Indicted
U2640,user_2,Crime,Man And Girlfriend Allegedly Kill His Father And Oklahoma Officer
U2176,user_2,Crime,Man Accused Of Keeping Woman In Crate Killed By Cops
U1074,user_1,Tech,"Facebook, Google And Others Face Growing Pressure To Restrict Speech Online"
U0204,user_2,Crime,Cherish Lily Perrywinkle Body Found: Donald James Smith Arrested In 8-Year-Old Girl's Abduction
U4928,user_3,Entertainment,"Will Smith Expertly Trolls Son Jaden, Recreates His 'Icon' Music Video"
U5512,user_3,Entertainment,1946 Acorn Drama Close to the Enemy Weighs Valuable Scientific Assets vs. Nazi War Criminals
U7121,user_2,Crime,Officers Fired Upon In Fatal Los Angeles Area Shooting
U0609,user_3,Entertainment,What To Watch On Amazon Prime That’s New This Week
U7252,user_2,Crime,Sex With the Female Teacher... Don't Tell
U4194,user_1,Tech,'The Mobile' Is Reliably Unreliable
U0546,user_2,Crime,Pedro Hernandez Knew 'Intimate Details' Connecting Him To Etan Patz Slaying: Sources
U5816,user_1,Tech,Watch The Top 9 YouTube Videos Of The Week
U2787,user_1,Tech,All It Takes To Buy A Stolen Password On The Internet Is 55 Cents
U9501,user_3,Entertainment,"Michelle Obama, Serena Williams Channel Beyoncé For Birthday Surprise"
U9295,user_1,Tech,How Pirates And Hackers Worked Together To Steal Millions Of Dollars In Diamonds
U2600,user_1,Tech,How Facebook Autoplay Is Triggering Vicarious Trauma
U6284,user_3,Entertainment,Sam Mendes Hints 'Spectre' Will Be His Final Bond Film
U6527,user_2,Crime,Cop Car Found Torched In Florida With 'Black Lives Matter' Note: Police
U6034,user_2,Crime,"Teen Allegedly Kidnapped As Infant Reunites With Parents, 18 Years Later"
U6398,user_3,Entertainment,This Viral Photo Of Nicolas Cage Perfectly Encapsulates 2017
U1026,user_1,Tech,Some Government Agencies Still Uses Floppy Disks
U9466,user_3,Entertainment,Alec Baldwin's Donald Trump Takes His Grievances To 'The People's Court' On 'SNL'
U2114,user_2,Crime,Witnesses Recount Horror At Orlando Nightclub During Mass Shooting
U0595,user_1,Tech,Machinima Premieres 'Halo 4: Forward Unto Dawn'
U3401,user_1,Tech,"iPhone 5 Preorders, iPad Mini Predictions, And Apple TV: This Week In Apple Rumors"
U8200,user_1,Tech,This Is How Visualizing Open Data Can Help Save Lives
U5527,user_1,Tech,'Trump Filter' Erases The Donald From Your Chrome Browser
U3453,user_1,Tech,"iPhone 5, iPad Mini Release Date, And iPad '4': This Week In Apple Rumors"
U4058,user_3,Entertainment,The Challenges of Chloe Temtchine
U8718,user_1,Tech,How Mark Zuckerberg's Control Of Facebook Lets Him Print Money
U8509,user_2,Crime,Man Accused Of Driving Through Memorial Day Cross Display
U9838,user_2,Crime,Florida Bestiality Law: Oral Sex Loophole May Only Cover Some Forms Of Contact
U1314,user_1,Tech,New York Tech Rising
U7327,user_1,Tech,Woman In China Says Colleague’s Face Was Able To Unlock Her iPhone X
U3607,user_1,Tech,Amazon’s Flying Warehouse Idea Isn’t Even Its Biggest Challenge
U6548,user_2,Crime,New York City Police Fatally Shoot Man With Knife Near Times Square
U5175,user_3,Entertainment,"Jamie Foxx & Kerry Washington, 'Django Unchained' Stars, On How Quentin Tarantino Is Hip-Hop"
U2229,user_2,Crime,Man's 'World Destroyed' After Cop Kills Burberry The Service Dog
U8340,user_2,Crime,"Lac-Megantic Explosions, Fire Sparked By Train Derailment (PHOTOS, VIDEO)"
U7008,user_2,Crime,"Man Opened Fire In Chicago Apartment Complex, Killing 4 Neighbors: Police"
U6710,user_2,Crime,Chicago's Bloody July 4th Weekend
U5799,user_3,Entertainment,This Is What 11 Golden Globe Nominees Looked Like Before They Were Famous
U6854,user_3,Entertainment,'70s Newsroom Drama 'Good Girls Revolt' Premiering On Amazon
U3302,user_1,Tech,Silicon Valley Vows To Improve Tech For People With Disabilities
U8407,user_1,Tech,7 Last-Minute Gifts For The Budding Coder In Your Life
U3520,user_3,Entertainment,Jeff Goldblum To Reprise Role In 'Jurassic World' Sequel
U7504,user_2,Crime,Lessons of Ferguson: For the Good of Law Enforcement
U6880,user_3,Entertainment,"Carrie Bradshaw Is Not Only Back, She's Going To Solve Crime"
U1582,user_2,Crime,"John Bolaris, Former Weatherman, Allegedly Seduced, Conned Out of $43,000 By Sexy Bar Girls"
U8898,user_1,Tech,U.S. Takes Apple To Trial Over eBooks: 'This Case Will Effectively Set The Rules For Internet Commerce'
U7917,user_3,Entertainment,'Last Jedi' Director Reveals The First Word Uttered In The Film
U4578,user_3,Entertainment,Madonna's Anti-Trump Cover Of Britney Spears' 'Toxic' Is The Antidote We Need To 2016
U4363,user_2,Crime,Austin Police Department Apologizes For Officers' Rape Joke
U5687,user_3,Entertainment,Kate Hudson And Goldie Hawn Hit The Red Carpet
U2176,user_1,Tech,Bill Gates Sounds Skeptical Of Zuckerberg's WhatsApp Deal: 'I Hope It Works Out For Him'
U7702,user_1,Tech,Facebook Is Developing A Camera App To Rival Snapchat: Report
U7986,user_2,Crime,It's Not Only About Domestic Violence
U8166,user_2,Crime,REPORT: Jack The Ripper Finally Identified
U1541,user_3,Entertainment,Kendall Jenner Confronts The Haters With A 'Mean Girls' Parody
U2484,user_3,Entertainment,Kanye West Wants To Fix The World Like He Fixed Kim K's Pants
U6522,user_2,Crime,Real Criminal Justice Reform Requires Listening to Those Most Commonly Impacted by Crime
U3744,user_3,Entertainment,Lena Dunham Plans To Dress As A Planned Parenthood Doctor For Halloween
U5589,user_2,Crime,"Six Dead, 10 Hurt In Baltimore Commuter, School Bus Crash"
U3847,user_3,Entertainment,Best of Venice: With Tsili Amos Gitai Explains Survival in a Desperate Universe
U7977,user_1,Tech,Mom Creates Dreamlike Art Using Just Her iPhone And Kids
U3321,user_2,Crime,"Girl, 11, Finds Wanted Man Hiding Inside Her Bedroom Closet"
U8236,user_3,Entertainment,Bill Cosby Faces New Sexual Assault Accusations As Three More Women Step Forward
U9667,user_3,Entertainment,How A Mom Who Has Bailed Son Out Of Jail 13 Times Is Enabling Him
U6103,user_1,Tech,"iPhone 5, iTV Release, And New iOS Maps: This Week In Apple Rumors"
U3055,user_3,Entertainment,Olivia Newton-John Has The Best Response To That 'Grease' Fan Theory
U7023,user_1,Tech,Skype Type Stuff at Trial and Beyond: Be Prepared
U7726,user_1,Tech,Another Tech Giant Is Getting Into The Self-Driving Car Game
U2368,user_1,Tech,Twitter's Shareholders Don't Believe The Company Can Transform
U3026,user_2,Crime,Police: Gunman Killed After Ambushing Officers Near Chicago
U6327,user_2,Crime,Taxi Driver With Knife In His Head Walks Into Hospital
U3383,user_1,Tech,Lack Of Diversity In Tech Makes It Difficult To Override Russian Fake News
U6834,user_1,Tech,"Apple Debuts Massive, 12.9-Inch iPad Pro"
U9799,user_2,Crime,Ex-Vanderbilt Football Player Found Guilty In Gang Rape Of Unconscious Student
U3225,user_2,Crime,"Terrifying Photo Shows Robber Pointing Gun In Guard's Face During $300,000 Queens Heist"
U9268,user_3,Entertainment,Here Are The 2018 Golden Globe Nominations
U2786,user_2,Crime,Severed Foot Discovered In Berkeley BART Station
U3728,user_3,Entertainment,70th Venice Film Festival Plays Host To 'Gravity' And 'Parkland'
U0633,user_2,Crime,Two Victims Shot On Texas Southern University Campus
U8527,user_2,Crime,Chicago Police Body-Camera Rollout To Be Finished Early: Mayor
U6488,user_3,Entertainment,"PSA: Body Shamers, Do Not Come For Zendaya Because She Will Own You"
U6639,user_1,Tech,U.S. Takes Apple To Trial Over eBooks: 'This Case Will Effectively Set The Rules For Internet Commerce'
U7784,user_3,Entertainment,"Interview With Nick Frost on Cuban Fury, Wrapping Up the Cornetto Trilogy"
U8884,user_3,Entertainment,Khloe Kardashian Stuns In Sheer-Paneled Dress
U1657,user_1,Tech,"Apple, Facebook Come Out Against Controversial Cybersecurity Bill"
U4141,user_1,Tech,"Monoprice 27"" IPS-G Pro LED Monitor WQHD 2560x1440 (Product ID 10489) Review"
U7665,user_1,Tech,Microsoft: Apple Samsung Lawsuit's Other Big Winner
U1246,user_2,Crime,American Prison Warden Blown Away By Norwegian Jail
U3874,user_1,Tech,DIY Home Security Automation is easy
U9742,user_1,Tech,More States Just Dealt A Blow To Uber Drivers Seeking Benefits
U0464,user_2,Crime,Virginia Mayor Arrested In Meth-For-Sex Sting
U6752,user_3,Entertainment,"Michelle Obama, Serena Williams Channel Beyoncé For Birthday Surprise"
U6482,user_3,Entertainment,"In Two Challenging 'Postfeminist' Movies, Isabelle Huppert's Long Career Comes Full-Circle"
U3170,user_1,Tech,DVD Player In Tesla Raises Questions In Autopilot Death
U4941,user_3,Entertainment,'Girl On Fire' Video: Alicia Keys Goes Retro (VIDEO)
U8212,user_1,Tech,How To Avoid Online Charity Scams This Holiday Season
U8861,user_1,Tech,You Can Hire A Pokémon Go Trainer For $20 An Hour Because The World Is Good
U5189,user_3,Entertainment,"Will Ferrell, Amy Poehler Show You Shouldn't Bet Against 'The House'"
U5847,user_1,Tech,The Surprising Thing You Never Noticed About Apple
U5768,user_3,Entertainment,'Maze Runner' Star Dylan O'Brien Reportedly Run Over By Car During Filming
U9594,user_1,Tech,WhatsApp Finally Adds Fully-Encrypted Video Calling Service
U4114,user_1,Tech,"Hands-Free Tech Like Siri Can Be Dangerous For Drivers, Study Says"
U4662,user_3,Entertainment,'Grey's Anatomy' Fans Launch Petition To Bring Back McDreamy
U1292,user_2,Crime,Teen Allegedly Shoots Family After They Wake Him Up For School
U7921,user_3,Entertainment,Justin Bieber Knows Who Shawn Mendes Is After All
U2532,user_2,Crime,"Amanda Knox Says Woman Who Told Boyfriend To Kill Himself Needs Sympathy, Not Prison"
U9555,user_1,Tech,"Privacy Suit Filed Against Path, Twitter, Apple, Facebook, Others"
U8183,user_1,Tech,Tim Cook Pauses During Apple Keynote To Address Shooting In Orlando
U5126,user_1,Tech,"iPad Maxi, Mini, and Micro: One Size No Longer Fits All!"
U4529,user_1,Tech,The Woman Behind The Game-Changing 'Star Wars Battlefront'
U6126,user_1,Tech,Prosecutor Confirms Google Paris Raid In Tax Evasion Probe
U6018,user_1,Tech,Microsoft Fights U.S. Government Over Data Requests
U3928,user_3,Entertainment,"Nickelodeon Might Revive 'The Rugrats,' 'Hey Arnold!' And Other Classics"
U7148,user_3,Entertainment,"22 Toys Every 'Star Wars,' 'Transformers' & Marvel Fan Should Know About"
U9834,user_2,Crime,Police Kill Armed Black Man In St. Louis On Anniversary Of Another Officer-Involved Shooting
U0179,user_3,Entertainment,Tom Hanks Offers Suggestion To Those 'Frustrated' With Current Affairs: 'Read History'
U8267,user_2,Crime,Trayvon Martin and Race: A Sober Assessment
U0641,user_3,Entertainment,Matt Damon And Kim Kardashian Star In Ellen DeGeneres' 'Stuck On Uranus' Trailer
U7577,user_3,Entertainment,Simone Biles Fangirls Over 'Pretty Little Liars' The Way We Fangirl Over Her
U2103,user_2,Crime,Here's Everything We Know About The San Bernardino Attackers
U3225,user_1,Tech,Ashley Madison Hackers Taunt CEO In New Data Dump: Report
U2719,user_3,Entertainment,Gene Wilder Calls Tim Burton's Willy Wonka An 'Insult' In 2013 Interview
U8803,user_2,Crime,University Of Chicago Shooting Threat A Response To Laquan McDonald Video
U1703,user_2,Crime,Texas Executes Man Convicted Of Killing 2 Subway Shop Workers During 2002 Robbery
U7747,user_1,Tech,Facebook To Block Private Gun Sales
U7461,user_2,Crime,Louisiana Movie Theater Shooting Victims Identified
U2829,user_2,Crime,Dad Admits Killing Family On Facebook: 'Now My Family Is Pain Free'
U4464,user_2,Crime,Pilot Killed After Hospital Helicopter Crashes And Burns
U1102,user_2,Crime,Judge and Prosecutor Secretly Texting During Murder Trial
U6711,user_2,Crime,"Charles Manson Reportedly Hospitalized, In Deteriorating Condition"
U4697,user_2,Crime,How Noor Salman Became The Scapegoat Of The Pulse Massacre
U2018,user_3,Entertainment,'American Ninja Warrior' Winner Challenges Show To Make Course Harder Next Time
U3689,user_1,Tech,What's The Future Of Bitcoin Mining?
U6580,user_3,Entertainment,Vulture's Critics Poll Names The Worst Movie Of The Year
U4374,user_1,Tech,Curating Facebook: Finding Meaning in the Noise
U0884,user_3,Entertainment,Macklemore To Fans: Use Music To Resist Trump
U9990,user_2,Crime,CAUGHT ON VIDEO: Daycare Worker Kicks Toddler
U2648,user_1,Tech,'Pebble Seizure Detect' Is A Brilliant Use For Smartwatches That Could Save Lives
U0416,user_3,Entertainment,Walter's World: Stars Trek to Celebrate Mr. Koenig
U1605,user_1,Tech,"New iPhone To Bring The Color, The Fingerprint: This Week In Apple Rumors"
U7459,user_3,Entertainment,Amazon Shelves 'X-Files' Creator's Sci-Fi Series Before It Begins
U0288,user_3,Entertainment,Sisqo's 10 Craziest Outfits
U1238,user_1,Tech,Own A Vizio Smart TV? It's Watching You.
U5213,user_2,Crime,Dishonor Roll: 10 Most Notorious Teacher Sex Scandals Of 2013
U2324,user_2,Crime,"If We're Keeping the Death Penalty, Then Bring Back Firing Squads"
U5917,user_1,Tech,Yahoo Intern's New Logo Design Was Way Better
U1468,user_1,Tech,How In The World Does Venmo Make Money?
U7498,user_3,Entertainment,Hayden Panettiere Returns To The Red Carpet After Receiving Treatment For Postpartum Depression
U6710,user_3,Entertainment,These 16 Movies Are Vying For Best Picture In The 2018 Oscar Race
U0355,user_2,Crime,The Cosby Verdict Won’t Fix A Broken Legal System
U9436,user_1,Tech,"Justice Department Just Met With Facebook, Others To Discuss Online Extremism"
U6093,user_3,Entertainment,What's Leaving Netflix In June 2016?
U4649,user_3,Entertainment,Nina Dobrev Addresses Her Rumored Return To 'Vampire Diaries'
U8382,user_2,Crime,New York Policeman Tearfully Describes Shooting Unarmed Black Man
U7644,user_3,Entertainment,John Oliver Is Surprised Dustin Hoffman Didn't Expect Harassment Questions
U7831,user_1,Tech,Headspace CEO On The Essential Weirdness Of Using Your Phone To Meditate
U4932,user_1,Tech,Congress Ties Controversial Cybersecurity Bill To Key Spending Package
U4024,user_3,Entertainment,What To Stream On Netflix In October
U5260,user_2,Crime,How Many Of The Hundreds of Thousands Of Untested Rape Kits In The US Are In Your City?
U1695,user_2,Crime,Fyre Festival Founder Faces Prison After Pleading Guilty To Wire Fraud
U9940,user_2,Crime,Police Identify Houston Mass Shooter Who Was Found With Nazi Paraphernalia
U9488,user_3,Entertainment,Dwayne Johnson Opens Up About His Mother's Suicide Attempt
U5808,user_3,Entertainment,"DJ Khaled Documented His Son's Entire Birth On Snapchat, Naturally"
U0109,user_3,Entertainment,AC/DC Co-Founder Malcolm Young Dead At 64
U3661,user_1,Tech,Is BFD The Next LOL?
U7302,user_3,Entertainment,'Game Of Thrones' Star Lena Headey Gives Birth To A Baby Girl
U3861,user_3,Entertainment,White House Correspondents Dinner Host Mocks Trump For Expected No-Show
U7211,user_1,Tech,TikTok Search Results Riddled With Misinformation: Report
U9109,user_1,Tech,Watch The Top 9 YouTube Videos Of The Week
U3847,user_1,Tech,Twitter's Latest Anti-Troll Measure Is Perfectly Timed
U8206,user_2,Crime,"Everybody Deserves a Second Chance, Right?"
U7650,user_1,Tech,Inside Hong Kong's Toxic Gadget Junkyards
U9012,user_1,Tech,Facebook's Mark Zuckerberg Finally Details Fake News Countermeasures
U2780,user_2,Crime,Carjacking Victims ID'd
U1879,user_1,Tech,Digital Is the New Third Age
U2886,user_2,Crime,"Terrorism Didn’t Motivate Fatal Portland, Oregon Car Attack: Police"
U0959,user_3,Entertainment,'Pacific Rim' Sequel Is Officially Happening
U5600,user_1,Tech,Why Are There Still So Few Women In Science?
U7060,user_1,Tech,"Why Automation Will Create, Not Destroy, Jobs"
U4604,user_3,Entertainment,Lauren Conrad And Husband William Tell Welcome Baby Boy
U5286,user_2,Crime,Don't Turn Your Back on Disorder
U5190,user_1,Tech,Apple Is Said To Discuss An Investment In Twitter
U4889,user_3,Entertainment,Prince Harry Working On 'Intimate And Heartfelt Memoir'
U1838,user_3,Entertainment,Celebrities React To Charleston Church Shooting
U1122,user_2,Crime,Texas Executes First Inmate With New Batch Of Drugs
U5222,user_2,Crime,"Curtis Dressman Beating In Sound-Proof Jail Cell Will 'Probably' Cost Nashville $530,000: Report"
U8081,user_1,Tech,Snapchat Users Don't Want To Start Paying For Lenses
U5485,user_1,Tech,Some Government Agencies Still Uses Floppy Disks
U6086,user_3,Entertainment,Sofia Vergara Kicks Off Her Exciting Wedding Weekend
U3771,user_1,Tech,How To Stop Worrying And Love Artificial Intelligence
U0209,user_2,Crime,"DNA, Informant Help Crack 1984 Cold Case Murder"
U6368,user_2,Crime,Sex Offender Freed Because Of Paperwork Mistake
U7818,user_3,Entertainment,Pamela Anderson's Son Brandon Is All Grown Up
U7664,user_3,Entertainment,First Teasers For Scarlett Johansson’s Controversial ‘Ghost In The Shell’ Are Here
U2891,user_1,Tech,WATCH: 60 Seconds of Social Media
U9733,user_1,Tech,Yahoo Boss Marissa Mayer Gives Birth To Identical Twin Girls
U2768,user_2,Crime,State Trooper Accused Of Raping Woman Gets Just 6 Months In Jail
U3375,user_3,Entertainment,Vin Diesel Reveals Groot Will Dance Again In 'Guardians Of The Galaxy' Sequel
U4012,user_1,Tech,Gmail Tap: Google Announces Morse Code Keyboard Alternative For April Fools Day (VIDEO)
U1335,user_2,Crime,JODI ARIAS VERDICT WATCH: Jury Deliberating Arias' Fate
U5548,user_3,Entertainment,Miley Cyrus On 'Hannah Montana': Singer Distances Herself From Her Disney Past
U3829,user_1,Tech,Privacy? What's That?
U2020,user_3,Entertainment,"Yup, Suri Cruise Hung Out With Hillary Clinton"
U1827,user_3,Entertainment,Drake Breaks Silence On Astroworld Tragedy: ‘My Heart Is Broken’
U0529,user_2,Crime,"Police Expert Calls Tamir Rice Killing 'Tragic,' But 'Objectively Reasonable'"
U4449,user_2,Crime,Missing Teen Found Safe After Ominous 'Call Police' Phone Message
U6627,user_2,Crime,SHOCK VIDEO: Woman Brutally Beaten In Front Of Her Toddler
U5209,user_3,Entertainment,Freddie Prinze Jr. Did Not Enjoy Working With Kiefer Sutherland
U0166,user_1,Tech,The Best Productivity App Is Already On Your Phone. You Just Don't Know It Yet.
U8497,user_1,Tech,"Big Brother, Little Brother, Social Brother"
U7537,user_2,Crime,Defense Medical Expert In Chauvin Trial: Car Exhaust Could Have Played A Role [UPDATED]
U2060,user_1,Tech,On China's Internet You Can Insult The Government All You Want (Just Don't Talk About The Censors)
U9471,user_3,Entertainment,"This Man Punching, Shouting Amid CNN Newscast Will Get You In The Holiday Groove"
U9961,user_3,Entertainment,Drake Breaks Silence On Astroworld Tragedy: ‘My Heart Is Broken’
U8756,user_1,Tech,Red Bull Stratos YouTube Live Stream Attracts Record Number Of Viewers (UPDATE)
U0128,user_2,Crime,You Can Help Rebuild A Mosque That Was Burned Down In America
U7884,user_2,Crime,Dead Dog Found With Note: 'We Beat It 2 Death Lol HAHAHA!'
U1258,user_3,Entertainment,Jane Campion Wins Best Directing Oscar For 'The Power Of The Dog'
U5535,user_1,Tech,App Saves Lives By Connecting People With CPR Training To Cardiac Arrest Victims
U4718,user_2,Crime,The 45-minute Mystery Of Freddie Gray's Death
U0154,user_2,Crime,"Man Mailed Dead Skunks, Raccoon To Rival For Job, Police Say"
U1440,user_3,Entertainment,"5 Strange 'Simpsons' Things You Haven't Seen, Even After 30 Years"
U0160,user_3,Entertainment,'Gilmore Girls: A Year In The Life' Review!
U4648,user_3,Entertainment,"Kanye West Remixes Beyonce And Jay Z's 'Drunk In Love,' Kim Kardashian References Included"
U5986,user_2,Crime,Man Thinks He's Being Put To Death For Preaching Gospel: Lawyers
U0984,user_1,Tech,"Google, Uber, Ford Unite To Get Driverless Cars On Roads"
U0306,user_2,Crime,Parkland Could've Been Worse. Vegas Could've Been Worse. They Can Always Be Worse.
U7556,user_2,Crime,California Border Patrol Supervisor Arrested Over Bathroom Camera
U2065,user_3,Entertainment,Jim Carrey’s New Painting Gives Scott Pruitt The World’s Worst Pipeline Project
U5683,user_3,Entertainment,It Only Took 7 Seconds For This Kylie Jenner Appearance To Get Really Awkward
U0583,user_3,Entertainment,Caitlyn Jenner Crowns Herself A 'Social Media Queen' With Her First Selfie
U5702,user_3,Entertainment,Adam Rippon Wins 'Dancing With The Stars' Because It Was Destined
U1185,user_3,Entertainment,Linda Perry Is Calling BS On Lady Gaga's Oscar Nomination [UPDATE]
U5070,user_3,Entertainment,Hundreds Of People Will Work To Make Sure Woody Harrelson's Live Movie Goes Smoothly
U2023,user_3,Entertainment,The Best Scene In 'Stronger' Involves A Freakout About Oprah
U8262,user_2,Crime,"Joe Rickey Hundley, Delta Passenger Accused Of Slapping Toddler, Faces Charges (VIDEO)"
U3186,user_1,Tech,Cell Phone Radiation Is Getting Attention From The FCC
U8264,user_1,Tech,"Facebook Is Killing Phone Numbers, And That's OK"
U6149,user_3,Entertainment,Andi Dorfman Breaks Her Silence
U2237,user_1,Tech,Senate Bill Aims To Lock Hackers Out Of Connected Cars
U7564,user_2,Crime,Listen To Chilling Audio Of A Boy Calling 911 During A Robbery
U4276,user_1,Tech,Wikipedia and the Hidden Deletionist Agenda
U8977,user_2,Crime,"'Coward' Murdered Texas Deputy As He Pumped Gas, Sheriff Says"
U1851,user_3,Entertainment,‘I Am Legend’ Screenwriter Debunks Vaccine Conspiracy Involving Film Once And For All
U7521,user_2,Crime,"Ferguson Investigation To Be Completed In Coming Months, Attorney General Says"
U6559,user_2,Crime,The Cosby Verdict Won’t Fix A Broken Legal System
U6881,user_2,Crime,Seattle Shooting Near Trump Protest Leaves Multiple Wounded
U8916,user_3,Entertainment,'The Magnificent Seven' Shoots Straight To Top Of The Box Office With $35 Million Debut
U2128,user_2,Crime,Somebody Donated A Cooler Filled With Weed To Goodwill
U7309,user_1,Tech,Tim Cook Says EU Ruling On Apple's Irish Tax Is 'Total Political Crap'
U5300,user_2,Crime,Video Shows Child Trying To Wake Mom Who Allegedly Overdosed
U3299,user_2,Crime,"Gator Attack: Disney Knew Of Problems, Staffer Asked For Fence At Lagoon"
U1258,user_3,Entertainment,James Gunn Debunks 'Guardians Of The Galaxy' Paternity Rumors
U6130,user_2,Crime,"Hui Gao, New Zealand's 'Accidental Millionaire' Sentenced To 5 Years In Prison (VIDEO)"
U4093,user_1,Tech,"Samsung To Halt Global Sales, Exchanges Of Galaxy Note 7"
U9290,user_2,Crime,Pregnant Woman Robbed While Having Labor Contractions
U9989,user_3,Entertainment,Jamie Chung's SAG Awards Purse Held Powerful Statement About Anti-Asian Hate
U0115,user_2,Crime,Police Identify Suspect In Minnesota Mall Stabbing
U2668,user_2,Crime,Murdered Teen's Body Appears In Alleged Killer's Selfie
U6659,user_3,Entertainment,Country Music Legend And 'Hee Haw' Star Roy Clark Dead At 85
U4891,user_1,Tech,Black Friday 2015: The Best Deals Around The Web
U4434,user_1,Tech,Siri vs. Google Voice Experiment: What Happens When Siri And Google Voice Talk To Each Other?
U1168,user_1,Tech,Amazon Drones: Orwellian Mayhem?
U9092,user_3,Entertainment,‘SNL’ Cuts Musical Guest After Videos Show Him Kissing Women And Partying Maskless
U6110,user_3,Entertainment,Here Are The 2018 SAG Awards Winners
U9761,user_3,Entertainment,New Carlene Carter Album Bridges Three Generations
U7319,user_3,Entertainment,Stephen Colbert Announces His First 'Late Show' Guest
U9707,user_3,Entertainment,Patti LuPone Says Madonna 'Couldn't Act Her Way Out Of A Paper Bag'
U7693,user_3,Entertainment,Courage for Sale: Oz's Cowardly Lion Costume Heads to The Auction Block
U7062,user_2,Crime,Photos Show 'Person Of Interest' Linked To Body Parts In Suitcase
U6549,user_2,Crime,Death Of Mentally Ill Woman In Police Custody Ruled A Homicide
U6303,user_3,Entertainment,Sting To Perform At Paris Venue Closed By Deadly Terror Attacks
U7792,user_1,Tech,Why Facebook and YouTube Should Err on the Side of Free Speech
U3305,user_3,Entertainment,'Little Rascals' Star Dickie Moore Dead At 89
U9637,user_2,Crime,"Man Trying To 'Enter Time Portal' Crashes Speeding Car Into Store, Cops Say"
U9153,user_1,Tech,NORAD Santa Tracker 2012 Lets You Follow Claus Online Christmas Eve
U7131,user_1,Tech,Teaching Kids To Code Is The New Teaching Kids Spanish
U3913,user_3,Entertainment,Bindi Irwin Shares Touching Tribute To Her Dad On 9th Anniversary Of His Death
U5981,user_2,Crime,Missing Louisiana Teen's Sister: 'She Is Our Heart And We Want Her Home'
U7571,user_3,Entertainment,Paul Simon Might Be Done With Music
U5317,user_2,Crime,Designer Carolina Herrera's Nephew Killed In Kidnapping
U8090,user_3,Entertainment,Gal Gadot Confirms Brett Ratner Is Out Of 'Wonder Woman' Sequel
U8788,user_3,Entertainment,Stephen Colbert Sends A Mocking Message To His Past Self
U0156,user_1,Tech,Android May Have A Big Problem In Europe
U6458,user_3,Entertainment,David Schwimmer And Wife Zoe Buckman Are Taking 'Time Apart'
U1113,user_3,Entertainment,"Kenny Barron's Piano, Sharon Clark's Vocals and James Carter's Horn at the 22ndAnnual Jazz Foundation of America's Loft Party"
U6896,user_1,Tech,NYT: Mass Surveillance Isn't The Answer To Fighting Terrorism
U4531,user_2,Crime,4 Dead As Hostage Standoff Ends At California Veterans Home
U0658,user_1,Tech,WATCH: Apple's Mobile Marketing Gift to Retailers
U4808,user_2,Crime,"NYC Police Search For Suspect Who Shot 2 Sleeping Homeless Men, One Fatally"
U0457,user_3,Entertainment,There’s A Good Chance Gina Rodriguez Will Play Rosa’s Girlfriend On ‘Brooklyn Nine-Nine'
U1726,user_2,Crime,Man And Girlfriend Allegedly Kill His Father And Oklahoma Officer
U9584,user_2,Crime,"City Seizes Family Dog Of 10 Years, Alleging He May Be Part Wolf (UPDATE)"
U3474,user_3,Entertainment,Brie Larson's 'Trainwreck' Audition Was Going To Lunch With Judd Apatow And Amy Schumer
U1919,user_3,Entertainment,'The Girl' Teaser: First Glimpse At Alfred Hitchcock Obsession Movie (WATCH)
U2590,user_1,Tech,Samsung Slashes Profit Forecast After Pulling Plug On Note 7 Smartphone
U3030,user_2,Crime,Police Investigate Whether Killing Of Student Blaze Bernstein Was A 'Hate Crime'
U9852,user_1,Tech,"Power Companies Could Use Drones To Save Lives, Cut Costs"
U9775,user_2,Crime,"Woman Wins $100,000 Lawsuit After Cops Arrested Her For Swearing"
U7348,user_3,Entertainment,This Job At Netflix Is An Instagrammer's Dream
U8998,user_2,Crime,"Plane Hit Bald Eagle Before Crashing In Alaska, Killing 4"
U3455,user_2,Crime,Fraternity And Members Face Hundreds Of Charges In Timothy Piazza Hazing Death
U4059,user_2,Crime,Las Vegas Teen Accused Of Attempting To Murder His Teacher
U1230,user_3,Entertainment,INTERVIEW: Tika Sumpter And Parker Sawyers Talk Southside With You
U3001,user_3,Entertainment,Kaley Cuoco Explains Why Her Ex-Husband 'Ruined' Marriage For Her
U6065,user_2,Crime,"Girl Suspended For Bringing Butter Knife To School, To Cut A Pear"
U5825,user_2,Crime,New Mexico Store Bans 'Obama & Other Muslims'
U9795,user_2,Crime,Police Arrest 14-Year-Old In Sexual Assault Streamed On Facebook Live
U7134,user_2,Crime,Police Attacked In Several States In Wake Of Police Killings
U5104,user_1,Tech,Facebook's Trending News Topics Will Now Be Automated
U1724,user_3,Entertainment,Tupac Shakur Earns a Star on the Hollywood Walk of Fame
U8437,user_3,Entertainment,Drew Barrymore And Her Daughters Make The Cutest Of Trios
U7274,user_2,Crime,2 Guns Found at Hospital Shooting Suspect's Home
U4413,user_3,Entertainment,'Sesame Street' Cast Raps Along To Bone Thugs-N-Harmony's 'Tha Crossroads'
U7770,user_2,Crime,Why Is America 50 Years Behind the Times When It Comes to the Death Penalty?
U7801,user_3,Entertainment,Carrie Fisher Once Made Mark Hamill Try On Her White 'Star Wars' Jumpsuit
U8622,user_1,Tech,How Mentoring May Be the Key to Solving Tech's Women Problem
U7664,user_3,Entertainment,'13 Reasons Why' Will Return To Netflix With Season 2
U1031,user_3,Entertainment,"Coldplay's Chris Martin Gives No F**ks, Drops F-Bomb On Live TV"
U8891,user_2,Crime,San Bernardino Police Officer: 'I'll Take A Bullet Before You Do'
U6640,user_2,Crime,Police: Person Detained Over Arson At Southern California Mosque
U6696,user_1,Tech,Yahoo Is Reportedly Lowballing On Its Hulu Bid
U4977,user_3,Entertainment,"Hey, They Made Another 'Night At The Museum' Movie"
U7278,user_1,Tech,"Encrypted Chat Took Over. Let’s Encrypt Calls, Too"
U4245,user_3,Entertainment,Scott Disick Spotted for the First Time Since Kourtney Kardashian Split
U4720,user_1,Tech,Prosecutor as Bully
U9846,user_3,Entertainment,Film Academy Pledges To Diversify Membership Following Oscars Controversy
U5353,user_3,Entertainment,Amber Rose And Blac Chyna Pucker Up At The BET Awards To Support Marriage Equality
U4122,user_1,Tech,"Yik Yak Isn't So Anonymous, Turns Data Over To Police"
U4467,user_3,Entertainment,Matthew Broderick Is Full Of Secrets In This Clip From 'The American Side'
U5366,user_2,Crime,Police Union Doesn't Want Mayor At Cop Funerals
U1906,user_1,Tech,Crash Shows Google's Driverless Car Has Room To Improve
U8985,user_2,Crime,The Call For A National Crime And Justice Task Force
U2545,user_3,Entertainment,Quentin Tarantino Leaves 'F**k You' Message In Cement While Accepting Hollywood Honor
U0112,user_1,Tech,"46 Best Vines Of The Week, In One Video: Aug. 17 - Aug. 25, 2013"
U9582,user_3,Entertainment,"Cannes 2013:  Polanski's ""Venus in Fur"""
U5884,user_1,Tech,"Los Angeles Hospital Pays Hackers $17,000 Ransom In Bitcoins"
U1562,user_3,Entertainment,15 Movie Mistakes You Didn't Notice In Your Favorite Action Films
U5765,user_1,Tech,Apple Must Clear Another Hurdle In NY Encryption Case
U7517,user_3,Entertainment,Bollywood Star Mallika Sherawat Punched And Tear Gassed By Masked Attackers In Paris
U8098,user_3,Entertainment,"'The Bourne Legacy' Opening Weekend Brings In $40.3 Million At Box Office, Dethrones 'The Dark Knight Rises'"
U0972,user_3,Entertainment,Quincy Jones Holds Court at Keep On Keepin' On 's Premiere
U2075,user_3,Entertainment,The Secret Ingredient To A Successful Film Is Kyle Chandler
U4073,user_2,Crime,"University Student With Peanut Allergy Was Hazed With Peanut Butter, Mom Says"
U8495,user_2,Crime,Police Arrest Suspect In Road Rage Slaying Of 4-Year-Old Girl
U2558,user_1,Tech,World's Business Elite Are Stressed About Our Robotic Future
U3321,user_2,Crime,Exclusive: Family Of Teen Shot Near Ferguson During Confrontation With Police Speaks Out
U3702,user_1,Tech,New Android Malware Imitates Banking Apps
U5798,user_3,Entertainment,Chrissy Teigen Points Out Mitt Romney's Hypocrisy In One Tweet
U8704,user_2,Crime,Chicago 'Suitcase Killer' Issues Startling YouTube 'Confession'
U4790,user_2,Crime,The Sad Irony of Homicide Solvability
U8145,user_3,Entertainment,Michelle Rodriguez Clarifies Controversial Remarks About Diversity In Superhero Movies
U4306,user_2,Crime,"For American Muslims, A Horrifying Runup To One Of Islam's Holiest Holidays"
U0332,user_2,Crime,WDBJ Chief: I'm Not Sure Whether I Want The Shooter To Live Or Die
U1675,user_2,Crime,Girl Hospitalized After Getting Boiling Water Poured On Face At Sleepover
U4669,user_2,Crime,8 Arrested While Praying At Site Of Controversial Telescope In Hawaii
U1701,user_2,Crime,3 Seriously Injured In Grand Central Station Stabbing
U5739,user_1,Tech,Steve Wozniak: 'I Don't Have Broadband At Home'
U3119,user_2,Crime,911 Calls Shed Light On What Happened During Orlando Nightclub Shooting
U5752,user_1,Tech,Genius Hack Shows How To Use Amazon Prime Now To Help The Homeless
U2537,user_2,Crime,San Diego Man Accused Of Beating Syrian Teen For Speaking Arabic Pleads Guilty
U0168,user_2,Crime,Man Caught Having Sex With Donkey Demands Judge Give Him Jail Time
U3962,user_2,Crime,Strangling Suspect Allegedly Told Friend 'Nobody Saw Sh*t'
U4963,user_2,Crime,Man Who Kept Woman Chained In Container Admits To Killing 7: Sheriff
U2758,user_2,Crime,'Weaponized Marijuana' Is Allegedly The New Scary Drug In New York City
U3498,user_1,Tech,Apple-Twitter Deal In The Works? Reports Say Apple May Invest In Social Network
U5651,user_3,Entertainment,Weekend Box Office: 'Warm Bodies' Wins Opening Weekend While 'Bullet To The Head' Stumbles
U9429,user_3,Entertainment,Hit and Myth: Inside Llewyn Davis
U2748,user_3,Entertainment,Jason Derulo Takes A Ride With James Corden In The Latest 'Carpool Karaoke'
U6961,user_3,Entertainment,How Lupita Nyong'o Got The Role Of Trevor Noah's Mom In Upcoming Movie
U6168,user_3,Entertainment,Ex Machina: Movie or Film?
U7706,user_2,Crime,"Help Find James Brown, Jophrey Cord And Other Missing People"
U3524,user_3,Entertainment,Tina Fey Thinks Donald Trump Is 'Great For Comedy'
U4107,user_2,Crime,"Teen Fatally Shoots Brother: Florida Boy Mistook Sibling For Home Intruder, Police Say"
U9964,user_2,Crime,Conviction Stays For Man Who Killed Abortion Doctor
U5010,user_1,Tech,"Apple, FBI Battle Escalates As Justice Department Demands San Bernardino Terrorist's iPhone Be Unlocked"
U6148,user_2,Crime,"Cat Lover, Klonda Richey, Mauled To Death By Dogs"
U0671,user_1,Tech,The Coolest Job You Probably Didn't Even Know Existed
U7041,user_3,Entertainment,'Moonlight' Director Barry Jenkins Drunkenly Live-Tweets 'Notting Hill'
U6375,user_3,Entertainment,"This Is Where The Word 'Meme' Comes From, And It's Not The Internet"
U3951,user_1,Tech,Yahoo Tumblr Purchase Approved By Board: WSJ
U8264,user_1,Tech,Why Some People In The U.S. Still Don't Have Internet Access
U7099,user_1,Tech,6.5 Million Reportedly Pay For Apple Music Streaming Service
U1898,user_3,Entertainment,Khloe Kardashian Talks About Scott Disick's Alarming Call
U9589,user_3,Entertainment,Judge Refuses To Throw Out Defamation Suit Against Cosby
U8620,user_1,Tech,Tim Cook Pauses During Apple Keynote To Address Shooting In Orlando
U7593,user_1,Tech,"iPhone 5 Release Date, iPad Mini And New MacBook Pro: This Week In Apple Rumors"
U3864,user_3,Entertainment,Meeting Teen Idols as an Adult
U4658,user_2,Crime,LA Police Kill Suspect In Stabbing Spree
U7231,user_2,Crime,Oregon Sheriff Still Won't Say College Shooter's Name
U5193,user_2,Crime,Elementary School Principal Fatally Hit By Bus While Saving Students' Lives
U8740,user_3,Entertainment,This Exclusive 'Traders' Clip Shows Sam Tarly Is Out Of Control Without Jon Snow
U9445,user_2,Crime,Folsom Prison Riot Leaves Inmate Dead Others Injured
U5829,user_3,Entertainment,'American Ninja Warrior' Winner Challenges Show To Make Course Harder Next Time
U1036,user_2,Crime,Soldier's Lover Pleads Guilty To Murdering Wife
U3344,user_3,Entertainment,How Well Do You Remember The First 'Toy Story' Movie?
U8080,user_3,Entertainment,"Meghan Markle, Prince Harry Pay Their Respects To New Zealand Terror Attack Victims"
U8690,user_2,Crime,Florida Dope Haul: Seized Heroin Packets Bear Donald Trump's Image
U1567,user_2,Crime,California Killer Is First U.S. Inmate To Have State-Funded Gender Confirmation Surgery
U5435,user_2,Crime,Man Survives Nearly Driving Off A Cliff Only To Be Hit By A Bus
U0363,user_1,Tech,Congress Needs To Get Smarter About Tech. Here's How It Could Do That
U9596,user_1,Tech,Time Warner Cable: Internet Outage In The Northeast Fixed
U8296,user_2,Crime,Mom Of Four Killed In Road Rage Incident
U5687,user_3,Entertainment,A Bunch Of A-List Celebs Are Putting On A Facebook Telethon For The ACLU
U3307,user_2,Crime,Another Reason to Avoid Nursing Homes
U2617,user_2,Crime,Army Veteran Faces 120-Year Sentence For Firing 2 Shots Into Air
U7077,user_2,Crime,"Body Believed To Be Missing Girl Found In Trash Bin, Police Say"
U8623,user_3,Entertainment,'Hunger Games' Tributes: Get To Know Katniss' Competition (PHOTOS)
U9642,user_1,Tech,Technical Literacy: Can Everyone Learn to Code?
U0409,user_2,Crime,Florida Teens Still Missing After Coast Guard Finds Their Capsized Boat
U3722,user_3,Entertainment,6 Techniques to Research and Locate Film Investors
U8388,user_3,Entertainment,New 'I Am Cait' Teaser Shows Caitlyn Jenner Is Still 'The Same Person'
U3882,user_2,Crime,Teen Fights Mailbox While On LSD: Port Moody Police
U9479,user_3,Entertainment,The Top 5 Most Preposterous Scenes in The Desolation of Smaug
U2766,user_1,Tech,It's Not Easy To Be Jenna Marbles
U9310,user_3,Entertainment,"It Is Criminal That ""Criminal"" Is Not a Huge Hit"
U8105,user_1,Tech,"If Uber Kills Cabs, Cities Must Ensure Accessible Vehicles Live"
U6177,user_1,Tech,Google Street View: See The World With The Click Of A Button
U4719,user_2,Crime,'Call My Husband. I Just Killed My Baby'
U9913,user_1,Tech,"Apple Seeks U.S. Sales Ban On Samsung, $707 Million More In Damages"
U8353,user_2,Crime,Social Workers Face Manslaughter Charges In Detroit Toddler's Death
U8874,user_2,Crime,5 Spectacular Police Screw-Ups
U5250,user_1,Tech,Spotify Knows All Your Dirty Music Secrets From 2015
U9178,user_1,Tech,Web Wars
U2521,user_1,Tech,Saudi Prince Who Owns Much Of Twitter Sees IPO By Early 2014
U9644,user_3,Entertainment,Taylor Swift's Easter Egg Battle Is Our New Favorite Holiday Tradition
U8153,user_3,Entertainment,The Queen Christine Vachon
U6953,user_1,Tech,What Is a Data Breach and How Do I Protect Myself?
U1424,user_3,Entertainment,"Yep, The New 'Justice League' Trailer Is All About Wonder Woman"
U1931,user_1,Tech,"How Facebook, Twitter Court Political Campaigns"
U5971,user_2,Crime,Second Ex-Student Admits To Placing Noose On Ole Miss Statue
U2958,user_3,Entertainment,The 'Miss Peregrine's Home For Peculiar Children' Trailer Is Weird And Wondrous
U2885,user_1,Tech,Change.org's New Site Helps You Send Tough Questions To Presidential Candidates
U2144,user_2,Crime,Woman Accused Of Choking Teen Who Blocked View Of Disney Fireworks
U4548,user_1,Tech,Yahoo Says At Least 500 Million Accounts Hacked In 2014
U3534,user_1,Tech,Facebook Bolts From Traditional News
U1312,user_1,Tech,"Ice Cream Sandwich Updates: HTC Rezound And Nexus S Get Android 4.0, Motorola Razr And Razr MAXX Delayed"
U0470,user_2,Crime,Orlando Survivor Angel Colon Meets Police Officer Who Saved His Life
U1544,user_2,Crime,Toddlers Die After 'Intentionally' Left In Car By Teenage Mom: Sheriff
U9591,user_2,Crime,Cops Hunt Accused Gun Thief Who Sent Anti-Government Manifesto To Trump
U5759,user_1,Tech,More Proof That Trump Appeals To Your Worst Instincts
U8892,user_2,Crime,2 Skiers Missing After Avalanche In Colorado
U5311,user_1,Tech,Everything I Know About Startups I Learned From My Teenager
U7511,user_2,Crime,University Of Wisconsin Student Accused Of Multiple Sexual Assaults
U2995,user_2,Crime,Autopsy Shows Police Shot Zachary Hammond In The Back And Side
U7958,user_3,Entertainment,VH1 Star Dies After Cancer Battle
U0319,user_3,Entertainment,New Artist Reviews: Nature Ganganbaigal
U1510,user_2,Crime,Civilian 'Guard' Fires Gun While 'Protecting' Recruiting Center
U7983,user_3,Entertainment,Rihanna 'Disgusted' By Donald Trump's Attempt To Block Muslims From Entering U.S.
U2762,user_3,Entertainment,The 'What Are Those?' Meme Creator Absolutely Hates That 'Black Panther' Joke
U2338,user_1,Tech,Twitter Hires A Man To Make Sure It's Hiring Enough Women And Minorities
U0235,user_2,Crime,Armed Officer Assigned To Stoneman Douglas Resigns Amid Shooting Investigation
U2411,user_1,Tech,What's The Future Of Bitcoin Mining?
U6295,user_3,Entertainment,This Mariah Carey/My Chemical Romance Mashup Turns Christmas Music Upside Down
U9938,user_3,Entertainment,Read Melissa Rivers' Eulogy For Her Mother Joan
U4034,user_3,Entertainment,Public Enemy's Chuck D: Donald Trump Is 'The Epitome Of A White Supremacist'
U6119,user_1,Tech,Twitter's Shareholders Don't Believe The Company Can Transform
U2654,user_2,Crime,Man Jailed 6 Months Despite Alibi Showing Him Nowhere Near Murder
U9412,user_2,Crime,"Patrice Sanders, Florida Bus Driver, Allegedly Forced Students To Fight In Her Backyard (VIDEO)"
U4989,user_2,Crime,'Neo-Nazi' Teen Charged With Killing Girlfriend's Parents After They Reported Him
U3217,user_2,Crime,Ex-NFL Cheerleader Sentenced For Raping 15-Year-Old
U0293,user_2,Crime,These Are The 3 Police Officers Killed In The Baton Rouge Attack
U1561,user_1,Tech,Cyber Week 2015: These Are The Hottest Deals From Around The Web
U1614,user_3,Entertainment,What Trump Was Doing While McCain Was A Prisoner Of War
U3623,user_1,Tech,Why Air Travel Still Sucks
U9968,user_2,Crime,Police Beating Led To Miscarriage: Lawsuit
U6315,user_1,Tech,Fighting Hurricane Sandy Debris Removal Crooks: There's An App For That
U2893,user_1,Tech,Google's Self-Driving Cars Will Honk At You If You're Not Paying Attention
U2496,user_2,Crime,Las Vegas Gunman Had 'Cache Of Weapons'
U0016,user_1,Tech,"Watch The Top YouTube Videos Of The Week: The Dunk Of The Year, Jeff Gordon Prank And More"
U0428,user_2,Crime,Just Vengeance
U2331,user_3,Entertainment,This Young Girl's Shocking Question Totally Won Comic-Con
U7704,user_3,Entertainment,George R.R. Martin Says To Expect A New Book (Or Two) In 2018
U5359,user_2,Crime,Teen Gets 25 Years In Mental Health Facility For 'Slender Man' Stabbing
U8177,user_2,Crime,"Parents Threw Hot Oil On Teen For Refusing Forced Marriage, Cops Say"
U4880,user_2,Crime,3 People Shot In 1 Week By Toddlers Wielding Guns
U0315,user_2,Crime,"Bail Set At $1.2 Milion For Ebony Wilkerson, Mom Who Allegedly Drove Kids Into Ocean"
U4157,user_1,Tech,Tim Cook's July Fourth Tweet Has A Not-So-Subtle Message
U9107,user_1,Tech,"Snapchat Released New Trophies, And We Know How To Unlock Them"
U5195,user_2,Crime,"Kansas Bar Shooting Leaves 4 Dead, 5 Injured"
U2050,user_1,Tech,The Top 5 Music Apps for Offline Listening
U7178,user_1,Tech,Cyber Monday Deals: How To Find The Best Online Sales And Save Some Major Green
U9981,user_2,Crime,Cops Didn't Enter Home Where Family Was Murdered Until Hours After First 911 Call
U7849,user_3,Entertainment,Christina Aguilera's New Single 'Accelerate' Is A Comeback Worth Waiting For
U9533,user_1,Tech,New York Bans Sex Offenders On Parole From Pokemon Go
U6374,user_2,Crime,FBI arrests brother of San Bernardino terrorist and 2 others on marriage fraud charges
U8182,user_2,Crime,High School Softball Coach Molested Young Student: Cops
U3537,user_1,Tech,"Netflix Is Working On Letting You Watch TV Shows, Movies Without Internet"
U9300,user_3,Entertainment,Hanson Pointed Out That They're A Lot Like Taylor Swift
U5834,user_3,Entertainment,Kesha's Powerful Performance Is The One The Grammys Needed
U1845,user_3,Entertainment,'Captain America: The Winter Soldier' Super Bowl Trailer Is Here
U9265,user_3,Entertainment,"James Randi, Famed Magician And Skeptic, Dies At 92"
U2046,user_3,Entertainment,24: Live Another Day... Spectacular!
U9437,user_2,Crime,NYPD Sergeant Shot In The Face While On Duty In Queens
U9656,user_2,Crime,Woman Alleges Rapper Young Lo Raped Her While She Was Trapped In Chris Brown's Home
U6185,user_2,Crime,Jury Moves Closer To Death Penalty In James Holmes Trial
U6232,user_1,Tech,Elon Musk's Tweet Gives Creepy Insight Into Future Of Humanoid Robots
U6420,user_1,Tech,Why Apple Is So Wrong To Exploit The Image Of Martin Luther King
U2111,user_1,Tech,Netflix Gained 3.6 Million More Subscribers In 3 Months
U9201,user_2,Crime,LAPD Finds Huge Arsenal In Man's Home While Investigating His Death
U2932,user_2,Crime,Tim Kaine's Son Arrested For Allegedly Rioting At Pro-Trump Rally
U0146,user_1,Tech,"Internet Access Still Limited For Low-Income, Uneducated Americans"
U3993,user_2,Crime,Baltimore Detective Killed A Day Before Testifying In Federal Case Against Fellow Cops
U9578,user_3,Entertainment,Real Frustrated Lawyers Tell A Fake Trump They Won't Save Him
U3759,user_1,Tech,Facebook’s Response To Philando Castile Shooting Video Isn’t Good Enough
U8421,user_3,Entertainment,Jaden Smith Explains Why He Wore A Batman Costume To Kimye's Wedding
U6034,user_2,Crime,Officer Caught On Video Punching Woman Resigns
U7759,user_2,Crime,No Retrial For White Cop Who Killed Unarmed Black Man Jonathan Ferrell
U9787,user_1,Tech,NY Tech Scene - Rising:  NY Stars Light up NYTM
U3644,user_2,Crime,"NYPD Officers Fire 84 Shots At Suspect, Miss 83 Times"
U7023,user_1,Tech,"47 Best Vines Of The Week, In One Video: Oct. 7 - Oct. 11, 2013"
U9822,user_3,Entertainment,Selena Gomez Isn't Ruling Out A Second Season Of '13 Reasons Why'
U8345,user_2,Crime,Tragic: Dog Dragged 4 Miles Along Highway Before Being Thrown In Ditch (GRAPHIC)
U5991,user_3,Entertainment,Chuck Lorre Slyly Trolls Trump After Episode Of ‘The Big Bang Theory’
U8649,user_1,Tech,Snapchat Users Don't Want To Start Paying For Lenses
U7203,user_2,Crime,18-Year-Old Indiana Man Arrested For Planning To Join Islamic State
U5660,user_2,Crime,"Carnell Moore, Houston Airport Shooter, Left 'Monster Within Me' Suicide Note"
U6005,user_2,Crime,Utah Woman Sentenced To 30 Years For Killing Baby With Methadone
U5802,user_3,Entertainment,Presidents vs. Fantasy Creatures
U1834,user_2,Crime,Human Skull Found Near Hollywood Sign In Los Angeles
U4628,user_3,Entertainment,Coming Soon To An Arena Near You: Vin Diesel In 'Fast And Furious' Live
U0492,user_1,Tech,'Fire Emblem Fates' Will Teach You Harsh Lessons In Life And Death
U3473,user_1,Tech,Wayne Dobson Doesn't Have Your Cell Phone -- But He Might Get Your 911 Call
U8204,user_3,Entertainment,Matt Damon Reveals The Fun Reason Why He Did 'The Martian'
U1339,user_2,Crime,Newlywed Couple Crash Cars Into Each Other In Fatal Accident
U9532,user_1,Tech,Film Asks iPhone Fans Waiting Days In Line One Simple Question: Why?
U3619,user_2,Crime,Mayor De Blasio Postpones Italian Vacation In Light Of Man's Chokehold Death
U5820,user_2,Crime,A Lesson of the Boston Bombings: Stop Classifying Criminal Anarchist Violence as Acts of War
U4519,user_1,Tech,Massive Tinder Photo Grab Is Latest Scary Warning To Be Careful What You Post
U9313,user_1,Tech,PRISM Spying Denials From Tech Companies Baffle Security Experts
U0704,user_3,Entertainment,Alicia Keys Hopes To 'Make The World A Better Place' With Nude Photo
U3596,user_1,Tech,Technical Literacy: Can Everyone Learn to Code?
U6556,user_2,Crime,'Criminal Minds' TV Show Teaches Murder Suspect To Hide Bodies: Cops
U2423,user_2,Crime,California Man Gets Second Life Term For Synagogue Attack
U8176,user_3,Entertainment,Kim Kardashian's Resemblance To Cher For Halloween Is Truly Uncanny
U2472,user_1,Tech,Google To Expand Its Superfast Fiber Internet Service
U6530,user_1,Tech,Google Maps Just Made It Easier To Figure Out Where You're Going
U5421,user_1,Tech,New York City Will Replace Pay Phones With Wi-Fi Hotspots
U4408,user_3,Entertainment,Quentin Tarantino Continues Work On 'Hateful Eight'
U4919,user_2,Crime,Ex-Officer Convicted In Matthew Ajibade Case Allowed To Serve Time On Weekends
U7171,user_1,Tech,Autocorrect Fail Leads To Delightful Birthday Cake Mistake
U0343,user_2,Crime,Abusive Mother Tried To Sew Daughter's Mouth Shut: Cops
U2446,user_3,Entertainment,'Spotlight' And 'Truth' Shine Brighter Than 'Trumbo' At The Toronto Film Festival
U7785,user_3,Entertainment,Dwayne Johnson Remembers When His Family Couldn't Afford Thanksgiving Dinner
U1194,user_2,Crime,Oakland Fire Is Deadliest In U.S. Since 2003
U2918,user_1,Tech,iTunes Is Illegal Under UK Copyright Law
U7395,user_2,Crime,Ronald McDonald Wounded In Shootout Outside Sonic Restaurant
U2524,user_2,Crime,Two Victims Shot On Texas Southern University Campus
U3068,user_3,Entertainment,Andraé Crouch: An Artist for the Ages
U6181,user_1,Tech,Swarm Of 100 Drones Dance To Beethoven's 'Symphony No. 5' In The Night Sky
U5314,user_1,Tech,Amazon Prime Got A Big Boost This Holiday Season
U7865,user_2,Crime,"Brandy Lee Rose Devine, Mom Who Let Baby Starve During Meth Binge, Gets 15 Years For Child's Death"
U7833,user_3,Entertainment,Ariana Grande Restarts Her Tour By Reminding Everyone She's A Patriot
U1580,user_3,Entertainment,Mephisto at the Crossroads
U5574,user_3,Entertainment,Newly Inked Demi Lovato Wants You To Know She's Not A Tattoo Copycat
U5310,user_2,Crime,Child Sex Offender Awarded Joint Custody Of Victim’s Kid: Attorney
U6782,user_2,Crime,Authorities Find Body Of Toddler Snatched By Gator Near Disney Resort
U0394,user_1,Tech,HTC One Smartphones Announced At Mobile World Congress
U1052,user_3,Entertainment,Here Are The Best Reactions To Tom Brady Leaving The Patriots
U3851,user_2,Crime,Man Dies After Breaching TSA Checkpoint At Honolulu Airport
U1636,user_2,Crime,"Family's Fatal Cliff Car Crash Likely Was Intentional, Police Say"
U1634,user_3,Entertainment,The Top 5 Most Preposterous Scenes in The Desolation of Smaug
U8521,user_3,Entertainment,"The Strange Intimacy Of 'Serial,' Podcast Of The Year"
U5277,user_1,Tech,Watch The Top 9 YouTube Videos Of The Week
U1650,user_1,Tech,New Trends in Wearable Technology
U4085,user_1,Tech,"Apple I Auction: Sotheby's Puts First Wozniak, Jobs Device On The Block For $180,000"
U3497,user_3,Entertainment,"VICE's Dutch Indie Drama, 'Prince,' Stars The 'Justin Bieber Of The Netherlands'"
U3688,user_1,Tech,Uber Now Valued At Almost $51 Billion: WSJ
U6090,user_2,Crime,Preppi Killer Robert Chambers Case Revisted on 48 Hours
U8630,user_2,Crime,White Supremacist Charged With Terrorism After Alleged Attempt To Derail Train
U9016,user_1,Tech,What Silicon Valley Executives Keep Getting Wrong About Education
U6422,user_2,Crime,Escaped Inmate Richard Matt Was Drunk At Time Of Death: Autopsy
U5020,user_2,Crime,Suicide Suspected In Death Of Army Vet Charged With Executing Her Dog On Video
U0130,user_2,Crime,Survivors Gather In Solidarity At Oklahoma City Bombing's 20th Anniversary
U7963,user_3,Entertainment,"'Inside Llewyn Davis' Cleans Up At National Society of Film Critics Awards, James Franco Surprises"
U9234,user_3,Entertainment,Kim Kardashian Calls Out Congress For Failing To Close The 'Terror Gap'
U2365,user_1,Tech,Amazon Launches 'Secret' Cloud Service For Intelligence Agencies
U4455,user_2,Crime,Mom Thwarts Potential School Shooting After Alerting Cops To Son’s Plans
U2136,user_1,Tech,Pirate Bay Founder Arrested In Cambodia
U8969,user_3,Entertainment,Right-Wing Conspiracy Theory About Alabama Election Gets A Brutal Reality Check
U6526,user_2,Crime,At Least 26 Dead In Shooting At Texas Baptist Church
U3598,user_2,Crime,Remains Of Minnesota Boy Missing Since 1989 Found
U7458,user_3,Entertainment,Chris Gethard's 'Career Suicide' Blurs The Line That Separates Tragedy And Comedy
U2122,user_2,Crime,Police Hunting For Baby Allegedly Thrown In Creek By Mom
U6734,user_3,Entertainment,A Conversation With Adam Ant
U9484,user_2,Crime,Texas Man Charged With Capital Murder In Adopted Daughter's Death
U5100,user_2,Crime,"Daniel Clement Chafe, Rape Suspect Fugitive, Captured After 15 Years"
U1565,user_1,Tech,Here's How This Guy Took A Pioneering Selfie In 1935
U8706,user_3,Entertainment,North West Works The Photo Booth At Kylie and Kendall's Graduation Party
U6329,user_3,Entertainment,Rihanna Accused Of Plagiarizing 'Bitch Better Have My Money'
U5257,user_1,Tech,iPhone 5S Release And A Possible (Not Possible) Launch Date: This Week In Apple Rumors
U0974,user_2,Crime,Man Convicted Of Killing His First Family Pleads Guilty To Slaying His Second
U8767,user_1,Tech,"TechBargains Weekly Deals: Smart Sprinklers, TurboTax And The Best Deal On A North Face Laptop Bag"
U9382,user_1,Tech,RIP Flash: Adobe Is Phasing Out The Much-Loathed Brand
U6928,user_1,Tech,Samsung Announces Two Really Large New Phones
U4249,user_2,Crime,"Airline Passenger Arrested After Allegedly Saying, 'I Kill White People Like You'"
U4117,user_3,Entertainment,Kevin Hart Reportedly In Talks To Become Your New Favorite Hollywood Santa Claus
U8814,user_1,Tech,Here's What New York City's Boroughs Should Look Like If They Were Redrawn Today
U1284,user_1,Tech,"iPhone 6 With Fingerprint Detection, New iPad's Weight Loss And Release Dates: This Week In Apple Rumors"
U0710,user_2,Crime,Toddler Suffocates Under Beanbag Chair When Day Care Worker Sits On It
U0225,user_3,Entertainment,Fleetwood Mac's Lindsey Buckingham And Christine McVie Are Working On A Duets Album
U3420,user_3,Entertainment,Kevin Spacey Reportedly Investigated By UK Police For 2008 Assault
U9881,user_3,Entertainment,"The Doha Ajyal Diaries: The Islamic Art Museum, Souk Waqif and 'Made in Qatar'"
U8885,user_2,Crime,Man Convicted Of Killing His First Family Pleads Guilty To Slaying His Second
U5704,user_1,Tech,Two Men Fall Off A Cliff While Playing 'Pokemon Go' In San Diego
U8507,user_2,Crime,Charleston Church Shooter Dylann Roof Pleads Guilty To State Murder Charges
U3646,user_2,Crime,NYC Jail Violence On The Rise: Report
U7562,user_1,Tech,iPhone Sales Decline For The First Time Ever
U1350,user_3,Entertainment,'Dance Moms' Star Abby Lee Miller Due In Court On Fraud Charges
U4113,user_1,Tech,Annoying Facebook Friends: 7 Reasons Why People Don't 'Like' Your Posts
U2801,user_2,Crime,Colorado Shooter's Urge to Kill Could Set Him Free
U1246,user_1,Tech,"Unlocking iPhone Would Expose 'Hundreds Of Millions' To Cyber Attacks, Apple Says"
U5718,user_2,Crime,Austin Police Officer Caught On Video Allegedly Pepper-Spraying Handcuffed Man
U1264,user_2,Crime,"California College Student In Stabbing Spree Was Inspired By ISIS And Acted Alone, FBI Says"
U3802,user_2,Crime,"Texas Man Kills Co-Worker, Then Takes Own Life"
U1160,user_2,Crime,"Indian Grandfather Paralyzed By Alabama Cop Was Not Threatening, Colleague Testifies"
U2790,user_2,Crime,Suit Accuses Milwaukee Sheriff Of Abuse Of Power In Airport Incident
U9760,user_1,Tech,How Black Twitter Helped Take Down The Confederate Flag
U7371,user_1,Tech,California Can Teach The Rest Of Us An Important Lesson In Digital Privacy
U6349,user_2,Crime,The Slender Man Stabbings: Is Everything About the Suspects Based on Fiction?
U8549,user_2,Crime,Woman Accused Of Poisoning Friend With Cheesecake In Identity Theft Plot
U9572,user_3,Entertainment,What To Watch On Hulu That’s New This Week
U2033,user_1,Tech,Kuwait Twitter User Sentenced To 2 Years In Prison For Insulting Emir
U0820,user_1,Tech,Mom Creates Dreamlike Art Using Just Her iPhone And Kids
U4755,user_1,Tech,Twitter Plans Company-Wide Layoffs For Next Week
U7903,user_3,Entertainment,Disconnect: A Movie About All of Us
U0927,user_3,Entertainment,Amazon May Bring Back Patrick Warburton's 'The Tick'
U2781,user_3,Entertainment,"The Hero Gotham Deserves, But Not The One 'Justice League' Needs"
U0788,user_3,Entertainment,ReThink Review: American Sniper -- Can There Be Heroes on the Wrong Side of History?
U0477,user_3,Entertainment,'Booker's Place': Exploring the South's Troubled Legacy of Race
U2804,user_2,Crime,Two Mississippi Police Officers Killed In Shootout With Suspect
U0399,user_2,Crime,Man Falls Asleep At Intersection. What Cops Say Happens Next Is Pure Florida
U6547,user_3,Entertainment,"'Twilight: Breaking Dawn Part 2,' Christina Aguilera's 'Lotus,' One Direction's 'Take Me Home' Reviews and More: The Week In Ouch"
U5459,user_2,Crime,Passenger Arrested After In-Flight Yoga Session Turns Violent
U5810,user_3,Entertainment,"James Michael Tyler, Who Played Gunther In ‘Friends,’ Dies At Age 59"
U2261,user_1,Tech,Take A Virtual Reality Tour Around The White House This Christmas
U0384,user_2,Crime,James Holmes Defense Make Final Appeal For Mercy
U2646,user_2,Crime,Idaho Police Department Thanks 'Heroic' Nurse For Standing Up To Utah Cop
U1949,user_2,Crime,Police Violence: The Symptoms Of Deeper Societal Issues?
U3246,user_2,Crime,Body Of Child Found Along Highway 'Consistent' With Missing Boy
U3216,user_2,Crime,Police Arrest Man Suspected Of Vandalizing Colorado Mosque
U9326,user_2,Crime,Here's Everything We Know About The Baton Rouge Shooter
U7006,user_3,Entertainment,Jordan Klepper Shares Never-Before-Seen Video From 'Awful' Day Of Insurrection
U7719,user_1,Tech,How To Spot Twitter Propaganda: Study
U3109,user_1,Tech,'Dear Santa' Letter With Full Amazon Link Is So 2013 It Hurts
U7496,user_3,Entertainment,Let's Raise A Glass To Pink For Gleefully Slamming The Troll Who Hacked Her Instagram
U8325,user_1,Tech,Stop Everything And Check Out HuffPost's Hot New Viber Stickers
U8814,user_1,Tech,NORAD Santa Tracker 2012 Lets You Follow Claus Online Christmas Eve
U3098,user_1,Tech,Sheryl Sandberg Donated $31 Million In Facebook Stock To Charity
U2277,user_2,Crime,"If We're Keeping the Death Penalty, Then Bring Back Firing Squads"
U7457,user_2,Crime,Teen Behind Laser Cat Yearbook Photo Dies
U9262,user_3,Entertainment,This 'Trapped' Clip Is A Snapshot Of America's Thorny Abortion Laws
U0481,user_3,Entertainment,"Ed Sheeran Has COVID, Will Do Performances From Home"
U0433,user_2,Crime,Maraschino Cherry Factory Owner Fatally Shoots Self During Drug Raid
U6124,user_2,Crime,"NYPD Officers Fire 84 Shots At Suspect, Miss 83 Times"
U1142,user_1,Tech,Facebook's Targeted Ads Could Be Used To Exclude Certain Races
U3270,user_3,Entertainment,Kevin Richardson Vampire Movie: From Backstreet Boy To Bloodsucker
U4077,user_1,Tech,Unintended Consequences of FTC's New COPPA Children's Online Privacy Rules
U4194,user_3,Entertainment,Jewel Says She Has Been Sexually Harassed Since She Was 8 Years Old
U3171,user_1,Tech,"We're Getting Closer To Leaving Home Without Phones, And This Thing Is The Key"
U4382,user_2,Crime,Man Is Fatally Shot By Police Responding To Burglary At His Home
U5079,user_1,Tech,Women In Tech: An Interview With Wendy Lea
U6944,user_2,Crime,Janice Dickinson Says She Won't Feel 'Vindicated' Until Cosby Is Jailed
U8985,user_1,Tech,Alphabet's Google Beats Oracle In $9 Billion Android Trial
U7940,user_2,Crime,State Sanctioned Murder:  A Good Man's Opinion
U5860,user_1,Tech,Twitter's Shareholders Don't Believe The Company Can Transform
U2285,user_1,Tech,Apple No Longer Saying Its Maps Are 'The Most Powerful'
U8438,user_3,Entertainment,Tell Us Why Donald Trump Seemingly Keeps Using Backstreet Boys Lyrics
U9209,user_2,Crime,New York Man Arrested In Fatal Stabbing Of Homeless Mother And Children
U3524,user_2,Crime,LAPD Chief: Carnell Snell Jr. Was Holding Gun Before Fatal Police Shooting
U5204,user_2,Crime,Vekol Valley Killings: 5 Burned Bodies Found In Smoldering SUV
U0496,user_2,Crime,Texas Lawmaker Recovering After Hit By Stray Bullet While Celebrating New Year
U3363,user_1,Tech,FaceTime Users Urged To Disable App Over Eavesdropping Bug
U8310,user_3,Entertainment,Sleep With The Lights On -- New 'American Horror Story: Hotel' Teasers Are Here
U9318,user_1,Tech,HyperCard: The Original Bridge Over the Digital Divide
U1832,user_1,Tech,Why Some People In The U.S. Still Don't Have Internet Access
U5390,user_1,Tech,What Not To Post On Facebook In Each Of The 50 States
U7245,user_2,Crime,FBI: Suspected Islamic State Backer Held For New York Attack Plot
U4595,user_1,Tech,Cell Phone Radiation Is Getting Attention From The FCC
U2399,user_2,Crime,Florida Mom Allegedly Threatens Day Care Worker With Machete
U7160,user_3,Entertainment,The Only Good Part Of The Oscars Was Its Blackest: Tiffany Haddish And Maya Rudolph
U9330,user_2,Crime,Accused Casino Robber Tried To Disguise Himself With Blackface
U6264,user_1,Tech,Mozilla CEO's Resignation Sparks Debate In Silicon Valley
U4394,user_1,Tech,Blueseed Raising Money To Park Ship Full of Startups Near SF
U9901,user_2,Crime,"Michelle Knight May Need Facial Reconstruction Surgery, Grandmother Says"
U2140,user_3,Entertainment,‘Normal People’ Is The Prestige Show Teen Romance Fans Deserve
U1893,user_2,Crime,Suspected Gunman Shot Dead By Journalist Reportedly Identified
U9430,user_2,Crime,Officer Charged With Murder In Shooting Death Of Justine Damond
U9941,user_2,Crime,Texas Halts Execution Of Non-Triggerman Over Questions Of 'Dr. Death' Testimony
U5389,user_2,Crime,"Former Cop Charged After 2 Police Dogs Die In His Care, 4 Years Apart"
U5923,user_3,Entertainment,Alec Baldwin Endorses Charlie Brown For President
U8598,user_1,Tech,Would Anyone Be Able To Cook A Turkey Without Google's Help?
U0055,user_1,Tech,4 Gift Ideas To Teach Young Kids How To Code
U2708,user_1,Tech,The Disappointing Contradictions of WhatsApp Being Acquired By Facebook
U0834,user_3,Entertainment,JonBenet Ramsey’s Brother Responds To Suspicions That He Killed His Sister Despite Not Being A Suspect
U2676,user_2,Crime,"Tonya Couch, Mother Of Fugitive 'Affluenza' Teen, Extradited To U.S."
U1212,user_1,Tech,Keyless Cars Have Killed More Than 2 Dozen People Since 2006: Report
U3512,user_3,Entertainment,Stare Deep Into Kendall Jenner's Eyes While She Tells You To 'Rock The Vote'
U7159,user_2,Crime,Day Of Reckoning Nears For Accused Boston Marathon Bomber
U3299,user_2,Crime,Search For Killer Underway After Google Employee Found Dead In Woods
U5235,user_2,Crime,Watch Officer React When Murder Suspect Grabs His Gun
U2123,user_1,Tech,Apple’s Fall iPhone Event To Be Held Sept. 9
U3743,user_2,Crime,St. Louis Riot Police Break Up Protest Over Acquittal Of Former Cop
U9945,user_2,Crime,California Man Gets Second Life Term For Synagogue Attack
U4519,user_2,Crime,Wealthy Texas Couple Accused Of Enslaving Young Woman For 16 Years
U3813,user_2,Crime,Brock Turner's Sentence Will Be Even Shorter Than You Think
U9527,user_1,Tech,Ashley Madison Hackers Taunt CEO In New Data Dump: Report
U0273,user_3,Entertainment,Miranda Lambert And Shania Twain Have A Girls' Night Out
U6670,user_3,Entertainment,Matthew McConaughey At Sundance: 'Mud' Star Will Never Give Up His 'All Right' Catchphrase
U2739,user_2,Crime,Woman Who Pulled Over Cop Says Police Union Boss Is Bullying Her Online
U0724,user_3,Entertainment,Yara Shahidi Says 'Black-ish' Helped Her Embrace Being Mixed Race
U2315,user_3,Entertainment,Tom Hanks Brags How ‘Smokin’ Hot’ Rita Wilson Is After 29 Years Of Marriage
U0203,user_1,Tech,"Smartphones May Actually Be Killing TV, New Nielsen Data Shows"
U3639,user_1,Tech,This Is Not Your Father's Microsoft
U6614,user_1,Tech,Your Sex Toys Could Be Vulnerable To Cyberattack
U7199,user_2,Crime,'Weaponized Marijuana' Is Allegedly The New Scary Drug In New York City
U2019,user_1,Tech,New York Wants To Make It Easier For New Yorkers To Say Their Piece
U3800,user_3,Entertainment,Man Who Has Been Arrested Over 15 Times Says He Wouldn’t Have To Yell If Family Would Just Obey His Rules
U8891,user_1,Tech,Listen To Siri's Great Answer If You Ask About People With Disabilities
U8515,user_1,Tech,In Defense Of Tinder's Twitter 'Meltdown'
U5735,user_3,Entertainment,All The Actors You Probably Forgot Were On 'Downton Abbey'
U8537,user_2,Crime,Mom Gives Gang Member Son Ride To Shoot Someone: Cops
U9521,user_2,Crime,Chelsea Bomber Ahmad Rahimi Found Guilty
U5992,user_2,Crime,Understanding Criminogenic Behavior Among Juveniles
U9103,user_3,Entertainment,Kim Kardashian West Held At Gunpoint In Paris By Men Dressed As Police Officers (UPDATE)
U1021,user_3,Entertainment,Leo Skips Lunch at The Four Seasons and Other Outrageous Acts: The Wolf of Wall Street
U7428,user_2,Crime,Feds Raid Alleged 'Maternity Tourism' Hotels That Help Pregnant Foreign Women Give Birth In U.S.
U9635,user_1,Tech,Hail to the Thief: Clinton Speech B-Roll Opens Door to ID Theft
U1544,user_1,Tech,Mark Zuckerberg Will Take 2 Months Of Paternity Leave
U8625,user_2,Crime,Eagle Scout Finds Remains Of Suspect In 2010 Shooting
U3591,user_2,Crime,Book Burning Sparked Florida Wildfire That Destroyed 10 Homes: Officials
U0641,user_3,Entertainment,3 Actresses Reportedly Testing For Sarah Connor In New 'Terminator'
U0657,user_2,Crime,1 Person Found Dead After Explosion Rocks Site Of Alleged Domestic Hostage Situation
U4633,user_2,Crime,Son Of 'Mother Of The Year' Explains His Scolding During Baltimore Riots
U2195,user_2,Crime,Louisiana Cops Arrested For Killing 6-Year-Old Boy
U6953,user_1,Tech,Stanfords VR Lab Offers Wild Glimpse of the Future
U8053,user_2,Crime,Etan Patz's Killer Sentenced To At Least 25 Years In Prison
U0843,user_2,Crime,Veteran Reportedly Helped Guide Dozens To Safety During Orlando Shooting
U9222,user_3,Entertainment,Zendaya Calls Out Store Clerk For Refusing To Help Her Because Of Her 'Skin Tone'
U7949,user_1,Tech,"First White House Chief Technology Officer, Aneesh Chopra, Steps Down"
U1781,user_1,Tech,iPhone Sales Decline For The First Time Ever
U9133,user_3,Entertainment,"RIP Bob Schiller: Radio Writing Wasn't Working, So He Sent Lucy Out to Stomp Some Grapes"
U8237,user_3,Entertainment,Guy's Review Of A Long Island Rest Stop Is Worth Pulling Over For
U4115,user_3,Entertainment,Chester Bennington's Wife Shares Video Of Him Laughing Hours Before His Death
U5090,user_2,Crime,"John Thompson Sexually Assaults 7-Year-Old Girl, Says She Forced Him To Do It"
U3615,user_2,Crime,Navy Hospital Staffers Removed After Sharing Disturbing Photos Of Newborns
U3370,user_2,Crime,Chelsea Johnson Murder: George Donald Davis Named 'Person Of Interest' In Ohio Teen's Death
U0670,user_3,Entertainment,Debra Messing Had The Best Zing Of The Night After Justin Bieber's Grammys Performance
U2810,user_3,Entertainment,Khloé Kardashian Finally Reveals Her Pregnancy In Emotional Instagram
U0765,user_1,Tech,Apple's Marketing Of iPad 4G Access Probed By UK Regulators
U6447,user_3,Entertainment,'Scandal' Star Columbus Short Arrested Again
U4779,user_2,Crime,"2-Month-Old Baby, 2 Others Gunned Down Inside Utah Home"
U2062,user_2,Crime,Decades Of Sexual Abuse At Elite Connecticut School Documented In Report
U0903,user_3,Entertainment,Marvel's 'Daredevil' Series Has Found Its Foggy Nelson!
U2643,user_2,Crime,Judge Orders Release Of 'Making A Murderer' Subject Brendan Dassey
U7112,user_2,Crime,"Blind Judge Makes History, Joins Michigan's Supreme Court"
U5135,user_3,Entertainment,Hannibal Buress Hired A ‘Look-Alike’ To Go To 'Spider-Man' Premiere For Him
U2651,user_2,Crime,"Joshua Hakken, Suspected Kidnapper, May Have Taken Sons To Sea In Sailboat"
U7127,user_2,Crime,America's Children: The Trials of Growing Up in a Police State
U0735,user_3,Entertainment,Chrissy Teigen Shares Another Topless Photo After Instagram Removes NSFW Pic
U2314,user_3,Entertainment,"I Agree -- ""It's Time: Jean Claude Van Damme, with Bruce Buffer 'VOTO'"""
U1901,user_3,Entertainment,Watch A New Scene And Promo From 'The Walking Dead' Season 6
U4601,user_2,Crime,Judge Rejects Requests To Postpone Boston Bombing Trial
U7409,user_1,Tech,Uber Just Took A Huge Step Toward Integrating With Mass Transit
U1169,user_1,Tech,Your Data for Black Friday and Cyber Monday Deals
U3664,user_1,Tech,"iPhone 5 Release Date, iPad Mini And New MacBook Pro: This Week In Apple Rumors"
U8811,user_3,Entertainment,Rihanna Accused Of Plagiarizing 'Bitch Better Have My Money'
U8256,user_3,Entertainment,The Leftovers Recap: Did They Really Do It? in 'Cairo'
U8799,user_2,Crime,"LAPD Hacked Into iPhone Of Slain Wife Of 'Shield' Actor, Documents Show"
U3467,user_3,Entertainment,Steve Carell Teases 'The Office' Reboot During 'SNL' Monologue
U8921,user_3,Entertainment,Joy Behar Responds To Michael Flynn Guilty Plea With Pure Joy
U1125,user_2,Crime,Officer Slain During Violent Weekend In Indianapolis
U6350,user_3,Entertainment,Laurie Hernandez Cha-Chas Her Way Into Our Hearts With First Dance On 'Dancing With The Stars'
U7872,user_1,Tech,Windows 8: Game Over Man!
U0465,user_3,Entertainment,Ashlee Simpson And Evan Ross Welcome Baby Girl
U6372,user_1,Tech,"Data Mining Can Help, Immediately"
U3522,user_1,Tech,2012 Taught Apple How To Say Sorry
U3154,user_1,Tech,Elon Musk’s Boring Company To Build High-Speed Transit Network In Chicago
U6835,user_2,Crime,Knockout Game Attacks Leave Unsuspecting Victims Unconscious For No Reason
U6890,user_3,Entertainment,My One (and Only) Duck Dynasty Post
U4802,user_2,Crime,Police Union Doesn't Want Mayor At Cop Funerals
U1653,user_1,Tech,How to Control Facebook App Privacy (VIDEO)
U6727,user_1,Tech,Global Cyber Attack Eases Due To One Researcher's Quick Thinking
U5519,user_2,Crime,Cabbie Drives Self To Police Station After Getting Shot In The Face In East Orange
U6877,user_2,Crime,1 Dead In Accident At Disney World Racing Attraction
U3417,user_2,Crime,Washington Teen Broke Up With Girlfriend Before Deadly Shooting: Reports
U3112,user_3,Entertainment,10 Crazy '90s TV Moments That You Would Never See on the Small Screen Today
U9408,user_3,Entertainment,Kimberly Guilfoyle’s ‘Screams’ Scare Stephen Colbert Right Off His Chair
U9625,user_1,Tech,Holiday Swag With Karma Points: Ink Dwell and DodoCase Launch Stylish iPad Cases
U0028,user_2,Crime,Missing Boy Found Alive Near Remote Mountain Lake
U9864,user_1,Tech,DeadSocial: Social Networking Site Helps You Contact Friends And Family From Beyond The Grave
U2140,user_2,Crime,Suspect 'Calm And Laughing' After Allegedly Killing Vermont Social Worker
U5232,user_3,Entertainment,Richard Pryor’s Daughter Denies That He Slept With Marlon Brando
U9497,user_3,Entertainment,Ryan Gosling Pays Tribute To Debbie Reynolds With Touching Speech
U9997,user_2,Crime,Dad Shoots Daughter While Teaching Her About Gun Safety
U6886,user_3,Entertainment,Ferdinand The Bull Steers People To Understand Learning And Attention Issues
U2362,user_3,Entertainment,The Late-Night Show Hoping To Trick You Into Getting Along With Fellow Americans
U5476,user_2,Crime,The Killings Of Two Good Samaritans In Portland Can Only Be Called Domestic Terrorism
U1187,user_1,Tech,Spotify Hits A Major New Landmark
U9974,user_3,Entertainment,"What To Expect From The 2014 Oscar Performers, Including Bette Midler And Liza Minnelli"
U3083,user_2,Crime,Authorities In Sherri Papini Case Give Conflicting Statements On Alleged Abduction
U6410,user_1,Tech,iLuv MobiAria Review
U3369,user_1,Tech,A New Gadget Frees Spotify From Your Smartphone
U3199,user_3,Entertainment,NBC Officially Fires Trump From 'Celebrity Apprentice'
U5736,user_1,Tech,Are Smartphones 'Over'?
U2590,user_2,Crime,Dzhokhar Tsarnaev Captured: Alleged Boston Marathon Bomber Arrested Following Manhunt
U1881,user_3,Entertainment,Gigi Hadid Denies Claim That She's Trying To 'Disguise' Her Pregnancy
U5358,user_2,Crime,Trump Calls Central Park 5 Settlement A 'Disgrace'
U1418,user_3,Entertainment,Dwayne Johnson Pumps The Brakes On Vin Diesel's 'Fast And Furious' Reunion Plea
U8588,user_1,Tech,Don't Publicly Mock People Who Look A Little Funny Using Technology
U1854,user_1,Tech,Smart TVs Just Got Even Smarter
U2961,user_3,Entertainment,Mom Says She's Afraid Of 16-Year-Old Daughter And Sleeps With A Bat
U5997,user_1,Tech,Making Sense of All That Data
U8924,user_2,Crime,"FBI Arrests Baltimore Police Officer For Allegedly Selling Ghost Gun, Drugs"
U2772,user_1,Tech,Teen's Apple Computer Collection Is Mac-nificent
U3660,user_2,Crime,UNC Victim's Former Roommate Recalls Threats Before Fatal Shooting
U9014,user_1,Tech,Twitter Wins Dismissal Of Lawsuit Alleging Islamic State Support: Federal Judge
U5768,user_3,Entertainment,Will Katy Perry Profit Off Taylor Swift's 'Bad Blood'?
U6298,user_2,Crime,New Jersey Train Was Going Twice The Speed Limit Before Crash: NTSB
U4406,user_2,Crime,Plainclothes New York City Police Detectives Shoot And Kill Suspected Robber In Manhattan
U3652,user_2,Crime,Cops Kill Man With Asperger's After Being Asked To Check On Him
U2275,user_3,Entertainment,"Will Smith Resigns From Film Academy Over Oscars Slap, Issues Extensive Apology"
U3956,user_3,Entertainment,Debbie Reynolds' Last Words Show The Power Of A Mother's Love
U5503,user_2,Crime,"Jeffrey Harris Steals Son's Identity, Spends Thousands Of Dollars: Police"
U7993,user_2,Crime,Mom Accused Of Poisoning Son With Prescription Drugs For A Year
U1232,user_1,Tech,Quirky Retro Video Shows Evolution Of The Video Game Controller
U3205,user_2,Crime,Daniel St. Hubert and Why the Criminal-Justice System Needs More Mental-Health Oversight
U6352,user_3,Entertainment,Celebrities Mourn Adam West's Death By Sharing Love And Memories
U1732,user_1,Tech,Can You Spot The Emojis In These Real-Life Photos?
U0637,user_2,Crime,Mayor De Blasio Postpones Italian Vacation In Light Of Man's Chokehold Death
U0009,user_1,Tech,Snapchat Files For IPO That Would Be Biggest In Years For Tech
U0134,user_1,Tech,This Very Simple Computer Program Could Help Veterans With PTSD
U0146,user_1,Tech,"Chip, Implanted In Brain, Helps Paralyzed Man Regain Control Of Hand"
U0547,user_2,Crime,"'Knockout Game' Is A Fabricated Trend, Victim James Addlespurger Says (VIDEO)"
U5561,user_1,Tech,Nintendo Stock Tanks Despite 'Pokemon Go' Craze
U8136,user_3,Entertainment,Kelly Clarkson Kills Cover Of Taylor Swift's 'Blank Space'
U7186,user_2,Crime,Biting Argument Over Trump May Cost Man His Ear
U7026,user_2,Crime,Nevada Ambulance Plane Crash Kills 3 Crew And Patient
U8983,user_2,Crime,"Zoe Brown, Abandoned Toddler In South Carolina, Identified Solving 'Little Jane Doe' Mystery"
U5992,user_2,Crime,Baltimore Police Officer Testifies In His Own Defense At Freddie Gray Trial
U5968,user_2,Crime,"Young Mother Killed By Reckless, Drunk Driver, Police Say"
U5582,user_2,Crime,Working as a Defense Attorney Shouldn't Mean Political Suicide
U4024,user_3,Entertainment,Blessing You With The Best Met Gala 2018 Tweets
U2802,user_1,Tech,8 Times The Internet Tried To Explain The World With 'Pokemon Go'
U3606,user_3,Entertainment,Will Neil Patrick Harris Be On 'American Horror Story'?
U5050,user_1,Tech,The Top Laptop Deals Of Black Friday 2015
U0612,user_2,Crime,Siblings From Parkland High School Write Essays To Say 'Never Again'
U0664,user_1,Tech,Google Glass May Be The Future Of The Porn Industry
U5623,user_2,Crime,Farmer's Wife Accused Of Murder After Body Found In Pile Of Manure
U7018,user_2,Crime,6 Bystanders Reportedly Shot Just An Hour After Alabama Peace Rally
U9541,user_3,Entertainment,Mad About the '60s  ...  50th Anniversary of Coup Classic Seven Days In May
U2003,user_2,Crime,EXCLUSIVE: Sheriff's Office Cuts Off Jailhouse Interview After Deadly Raid On Georgia Home
U4472,user_2,Crime,Former Chemist May Have Tainted Thousands Of Criminal Cases
U7162,user_2,Crime,NYPD Sergeant Shot In The Face While On Duty In Queens
U1793,user_1,Tech,Spotify May Reserve Some New Music For Paying Subscribers
U0217,user_3,Entertainment,Tom Hanks Calls Out People Not Wearing Masks: 'Don't Be A P***Y'
U1921,user_3,Entertainment,'Star Wars' Propels Domestic Box Office Sales To $11 Billion
U3323,user_3,Entertainment,The Actress Who Plays Brook Soso Doesn't Wear Deodorant In Real Life
U6426,user_2,Crime,"Mother Admits Smothering Children, Faces Murder Charges"
U9256,user_3,Entertainment,"Dwayne 'The Rock' Johnson Saves Puppy From Drowning, Melts Our Hearts In The Process"
U3141,user_2,Crime,Domestic Murder and Murder-Suicide: It's Not About the Relationship
U8824,user_1,Tech,"Google Will Soon Know You Better Than Your Spouse Does, Top Exec Says"
U2321,user_2,Crime,Thief Nabs $1.6 Million Bucket Of Gold Left On Back Of Truck: Cops
U9957,user_1,Tech,Watch The Top 9 YouTube Videos Of The Week
U0805,user_1,Tech,"iPhone 5 Release Date, iPad Mini Launch, And A New iPod Touch (Finally!): This Week In Apple Rumors"
U5336,user_3,Entertainment,'Cruella' Sequel In The Works Even Though '101 Dalmatians' Already Exists
U3959,user_3,Entertainment,You'll Miss Carrie Fisher Even More After Watching Ellen DeGeneres' Touching Tribute
U7788,user_2,Crime,Officials: NH Missing Girl Case Shifts To Homicide Probe
U8319,user_3,Entertainment,Amy Schumer And Goldie Hawn Wild Out In First 'Snatched' Trailer
U0040,user_1,Tech,People Google Some Weird Questions About Clinton And Sanders
U7973,user_3,Entertainment,"'Bachelor In Paradise' Season 2, Episode 1 & 2: Welcome To Hell -- And A Beach"
U5080,user_2,Crime,Farmer's Wife Accused Of Murder After Body Found In Pile Of Manure
U8377,user_3,Entertainment,Hangout Snapshot: Get a Closer Look at Zella Day
U2334,user_3,Entertainment,The Most Hated Character Returns In The 'Game Of Thrones' Coloring Book
U0619,user_1,Tech,TikTok Search Results Riddled With Misinformation: Report
U8383,user_1,Tech,Apple Could Learn Something From Amazon's New Tablet For Tots
U8396,user_2,Crime,"NYPD Officer Shoots Woman Who Tried To Attack Him With Baseball Bat, Police Say"
U8411,user_3,Entertainment,"Friday Box Office Keeps 'Gravity' Afloat At No. 1, With Strong Debut From 'Captain Phillips'"
U7972,user_3,Entertainment,"In A Basement In Ohio, The Breeders Came Back To Life"
U3729,user_1,Tech,Pranksters Rename Mexico's Congress As 'Chamber of Rats' On Google Maps
U5512,user_3,Entertainment,The Non-Whitewashed Original 'Ghost In The Shell' Anime Film Is Coming To Theaters
U7290,user_1,Tech,Apple's Safari Browser Is Crashing For Some Users: Report
U1819,user_1,Tech,Surging Demand For Rechargeable Batteries Is Driving Business To South America
U0698,user_1,Tech,"Velvin Hogan, Foreman In Apple Samsung Case, Says Jury Didn't Want $1 Billion Verdict To Be 'Just A Slap On The Wrist'"
U4998,user_1,Tech,How to Integrate Social Media With Your SEO Campaign
U0437,user_2,Crime,"Erika Perdue, Dallas Socialite, Arrested For Allegedly Trading Child Pornography From Mansion"
U4345,user_2,Crime,"Amonderez Green, Teen Shot Near Ferguson, Was An Avid Rapper"
U1855,user_3,Entertainment,'The Walking Dead' Introduces Previously Teased Gay Character
U0955,user_3,Entertainment,Tomi Lahren Uses Military Trans Ban To Slam Obama. J.K. Rowling Wasn't Having It.
U5818,user_3,Entertainment,Here's A First Look At James Bond In 'Spectre'
U3543,user_1,Tech,This Should Make Uber Drivers Really Nervous
U4127,user_2,Crime,'Speed Freak Killers' Investigation Uncovers Another Body
U8641,user_2,Crime,Steven Powell's Journals Reveal Sexual Obsession With Susan Powell
U2191,user_2,Crime,Texas Deputy Found Dead In Lake
U7218,user_3,Entertainment,Journalist Asks 'Fresh Off The Boat' Stars About Chopsticks
U3426,user_3,Entertainment,T-Pain Singing Without Auto-Tune Is Surprisingly Wonderful
U6063,user_3,Entertainment,James Corden And Jason Derulo Take Dance Lessons From Some Adorable Toddlers
U0722,user_3,Entertainment,'Finding Dory' Ending Altered To Reflect Killer-Whale Revelations In 'Blackfish'
U3379,user_3,Entertainment,Why Woman Says She Called Poison Control After Ex Gave Their Daughter A Sports Drink
U1456,user_2,Crime,Bill Cosby Yells At Prosecutor After Guilty Verdict: 'You A**hole!'
U4783,user_2,Crime,Paul Anthony Lajeunesse Breaks Baby's Leg For Interrupting Video Game: Cops
U4951,user_2,Crime,Cruise Ship Comes Within Feet Of Colliding With Jet Skiers
U9877,user_2,Crime,Cruise Ship Comes Within Feet Of Colliding With Jet Skiers
U7491,user_1,Tech,"Twitter's 'Secret' IPO Puts Investors In The Dark, For Now"
U2236,user_1,Tech,How Mark Zuckerberg's Control Of Facebook Lets Him Print Money
U6637,user_1,Tech,The 8 Coolest iPhone Features Apple Just Announced
U2323,user_2,Crime,Man's 'World Destroyed' After Cop Kills Burberry The Service Dog
U4290,user_2,Crime,"California DMV Employees Traded Cash For Licenses, Feds Say"
U0817,user_2,Crime,Prospects Improve For Pit Bull Whose Mouth Was Taped Shut
U8658,user_3,Entertainment,The Type Of Show We All Watch The Fastest On Netflix
U9264,user_1,Tech,California Says Self-Driving Cars Still Require Human Drivers
U1011,user_2,Crime,Citizen's Tip Leads To Capture Of Escaped California Inmates
U5631,user_1,Tech,Hewlett-Packard Is Splitting Into Two Companies
U6999,user_3,Entertainment,Seth Meyers Addresses That Time Jimmy Fallon Rubbed Trump's Head
U1270,user_2,Crime,Officials Say Planned Parenthood Fire In Washington State Was Arson
U1089,user_2,Crime,Walmart Customer Fatally Shoots Teen Accused Of Stealing Diapers
U9266,user_3,Entertainment,Jon Hamm Finally Wins Emmy Award For 'Mad Men'
U9655,user_3,Entertainment,This $3.8 Million Vehicle Is The World's Most Expensive SUV
U2603,user_2,Crime,What The Video Shows Vs. What The Officer Claims About Sam Dubose's Killing
U1454,user_2,Crime,The Death Of Victoria Gray: How Texas Jails Are Failing Their Most Vulnerable Captives
U7274,user_3,Entertainment,Michelle Duggar Opens Up About Teenage Struggle With Bulimia
U6336,user_2,Crime,"Charles Manson Reportedly Hospitalized, In Deteriorating Condition"
U7524,user_3,Entertainment,Jackie Chan To Receive Lifetime Achievement Oscar
U6080,user_1,Tech,California Can Teach The Rest Of Us An Important Lesson In Digital Privacy
U1354,user_1,Tech,Passport Robot Tells Man Of Asian Descent His Eyes Are Too Closed
U2867,user_1,Tech,It's Time To Talk About The 'Gig Economy'
U0515,user_3,Entertainment,Wentworth Miller Shuts Down Internet Trolls Over Body-Shaming Meme
U4544,user_3,Entertainment,You Can Now Stream 'The O.C.' In Its Entirety On CW Seed
U4195,user_1,Tech,The Man Behind The Mac OS Is Working On A Mystery Startup With Other Ex-Apple Employees
U0220,user_3,Entertainment,My Conversation With Ian Somerhalder
U8303,user_2,Crime,Man Suspected Of Punching Rabbit During Fight About Women's Rights
U2858,user_2,Crime,Kansas Chemical Leak Causes Respiratory Issues For More Than 100
U7269,user_3,Entertainment,Scott Disick Reportedly Enters Rehab For Drugs And Alcohol
U8880,user_2,Crime,"Children's Bodies Found In Freezer, Mother Arrested"
U9717,user_2,Crime,"'Disgruntled Employee' Shoots 1 Dead, Takes Hostages In Charleston"
U9427,user_1,Tech,Company Blames Secret Intimate Recordings By Sex Toy On 'Minor Bug'
U1868,user_2,Crime,"Woman Faked Being Pregnant Before Kidnapping Baby, Killing Mom: Cops"
U8176,user_3,Entertainment,'Blade Runner' Sequel Set Collapses On Construction Worker In Fatal Accident
U8457,user_2,Crime,Florida Airport Shooting Suspect Esteban Santiago Appears In Federal Court
U0422,user_3,Entertainment,'Big Bang Theory' Actor Reveals The One Character He Wants To Meet
U6519,user_2,Crime,"Woman Stabs Boyfriend To Death After He Bites Her Finger, New York Police Say"
U8822,user_3,Entertainment,'Orange Is The New Black' Star Hopes One Good Thing Came Out Of Poussey's Death
U2330,user_1,Tech,Twitter HQ Justin Bieber Flash Mob: Employees Dance To 'Baby' At San Francisco Office (VIDEO)
U0774,user_1,Tech,Twitter's Latest Experiment Is Going To Confuse A Lot Of People
U1259,user_2,Crime,Louisiana Shooter Booby-Trapped Former Home Amid Eviction
U7451,user_3,Entertainment,"Happy Birthday, Jack! Words of Wisdom from America's Greatest Homegrown Actor"
U8284,user_2,Crime,Man Shot Dead By Oklahoma City Cop Was Deaf (UPDATED)
U7912,user_1,Tech,Will Robot Cars Get Stuck in Policy Traffic?
U1182,user_3,Entertainment,Bill Cosby Cancels Boston Shows Over Weather Concerns
U8023,user_1,Tech,"Researchers Discover Major Android Security Flaw, Many Phones At Risk"
U7700,user_2,Crime,"Jilted Ex-Boyfriend Sends Nude Photos Of Teacher To Students, Staff: Police"
U9524,user_3,Entertainment,You Must Listen To These Little Boys Perform Beyoncé's 'Listen'
U5862,user_1,Tech,Human Player Finally Beats Google's AlphaGo AI Program At 'Go'
U3452,user_1,Tech,This App Sends Alerts When Donald Trump Tweets About Stocks You Own
U2604,user_3,Entertainment,"Becca Kufrin, Dumped Hard On 'The Bachelor,' Is New 'Bachelorette'"
U6376,user_2,Crime,Watch Hero Cop's Narrow Rescue Of Man Jumping From 6th Floor
U9900,user_1,Tech,Tim Cook's July Fourth Tweet Has A Not-So-Subtle Message
U3693,user_1,Tech,Runner's Magical Time-Lapse Video Captures Changing Of The Seasons
U4454,user_2,Crime,CAUGHT ON CAMERA: Suspect Bird-Naps Peacock
U2354,user_3,Entertainment,Lorde Predicted The Downfall Of Predatory Men Back In January
U0764,user_1,Tech,U.S. Internet Connections Are Getting Faster
U6044,user_2,Crime,Judge Rejects Requests To Postpone Boston Bombing Trial
U3366,user_1,Tech,Facebook's 'On This Day' Feature Now Filters Out Depressing Memories
U8304,user_1,Tech,U.S. Takes Apple To Trial Over eBooks: 'This Case Will Effectively Set The Rules For Internet Commerce'
U8296,user_2,Crime,Man Pulls Gun On 6 Kids For Damaging Donald Trump Sign: Police
U9972,user_1,Tech,"Microsoft Debuts Surface Book, Its First Laptop, Plus Other New Gizmos"
U3367,user_3,Entertainment,Gisele Bündchen Holds Up Tom Brady Like It's No Big Deal
U5901,user_2,Crime,Suicides In Jails On The Rise: Report
U2729,user_2,Crime,DNA Swab Nabs Suspect In Vanessa Marcotte's Killing
U8362,user_2,Crime,Suspected Killer Of Little Girl Worked For Police
U7575,user_1,Tech,How New Secure Credit Cards Are Hurting Netflix And Other Companies
U0734,user_3,Entertainment,Salma Hayek Shares Beautiful Tribute After Beloved Rescue Dog Lupe Dies
U0577,user_1,Tech,"Wake Up, Game Awards: Women Are Gamers, Too"
U1871,user_2,Crime,"Youth Offenders In Michigan Serving Life Should Have Chance At Parole, Judge Says"
U2297,user_2,Crime,"8 Shot, Including Toddler, In 'Planned' Baltimore Shooting: Cops"
U8909,user_1,Tech,"YouTube, Remix Culture and Curation"
U1286,user_1,Tech,New Trends in Wearable Technology
U5652,user_1,Tech,The Dark Side Of Free Gum
U7255,user_3,Entertainment,How Well Do You Remember The Video For 'Baby One More Time'?
U5240,user_3,Entertainment,"Will Smith's 'Fresh Prince' Rap Returns, Star Joined By Alfonso Ribeiro, Jaden Smith, DJ Jazzy Jeff"
U6341,user_2,Crime,"Plane Crashes Into Maryland Home, Kills 3"
U1384,user_1,Tech,Review: New Apple TV Is Bursting With Potential
U5662,user_1,Tech,Google Cancels 'Town Hall' On Gender Dispute Over Fears Of Online Harassment By Far-Right
U0534,user_2,Crime,'Serial' Subject Adnan Syed Is Denied Bail Motion
U7426,user_3,Entertainment,What To Watch On Amazon Prime That’s New This Week
U9627,user_3,Entertainment,Lena Dunham Apologizes For Comparing Bill Cosby To The Holocaust
U0547,user_2,Crime,Probe Launched After Fatal Police Shooting Of Woman Who Threatened Suicide
U5472,user_1,Tech,Mark Zuckerberg Made A LOT Of Money During His Paternity Leave
U8480,user_2,Crime,LISTEN: 911 Call Appears To Contradict Cops' Narrative In Killing
U0167,user_1,Tech,eSports and How to Stay Connected with Your Grown-Up Kids
U0193,user_2,Crime,Boston Men Involved In Terror Probe Allegedly Planned To Behead Cop
U6691,user_2,Crime,Police Recover Body Of ESPN Writer's Missing Son
U7154,user_3,Entertainment,"GTA Debuts ""Little Bit of This"" Featuring Vince Staples and Talks Bowling With Rihanna"
U7894,user_2,Crime,Frein's Sister Questions Brother's Injuries
U2756,user_1,Tech,It Has to Be Seen to Be Believed
U8210,user_1,Tech,Facebook’s Response To Philando Castile Shooting Video Isn’t Good Enough
U0388,user_1,Tech,Ashley Madison Hackers Speak Out: 'Nobody Was Watching'
U0171,user_2,Crime,'Not Our Vision Of Justice': #BlackLivesMatter Condemns NYPD Cop Killings
U2116,user_1,Tech,Apple Is 'Experimenting' With 'iWatch': New York Times
U5436,user_2,Crime,"Parents Threw Hot Oil On Teen For Refusing Forced Marriage, Cops Say"
U6699,user_2,Crime,Hero Train Engineer Helped 7 Passengers Escape Deadly Train Crash
U9724,user_3,Entertainment,Donald Trump Almost Played The President In 'Sharknado'
U1436,user_1,Tech,Steve Wozniak: 'I Don't Have Broadband At Home'
U3341,user_1,Tech,Are Smartphones 'Over'?
U7186,user_2,Crime,Wisconsin Shooting: Several People Injured After Shots Fired At Sikh Temple
U3607,user_1,Tech,Video Game Gift Givers Guide For Dummies: Christmas 2012 Version 2.0 (PHOTOS)
U0633,user_1,Tech,Settlement Reached In iPhone 4 'Antennagate' Suit
U9933,user_2,Crime,Woman Killed Trying To Stop Shoplifter
U3435,user_1,Tech,Investor Sues Elon Musk Over His Delayed Twitter Filing
U6669,user_2,Crime,Grand Jury Decides Not To Indict Anyone For Sandra Bland's Jailhouse Death
U0866,user_1,Tech,You Can Hire A Pokémon Go Trainer For $20 An Hour Because The World Is Good
U9306,user_3,Entertainment,"New Nicholas Sparks Movie Will Make You Cry, Duh"
U5380,user_2,Crime,New Details Emerge About Deadliest Mass Shooting In U.S. History
U5353,user_1,Tech,Most People Say They Don't Want To 'Broadcast' Their Lives On Facebook
U4060,user_2,Crime,Dad Of Missing 5-Year-Old California Boy Arrested On Suspicion Of Murder
U4411,user_3,Entertainment,'Guardians Of The Galaxy' Movie: James Gunn 'In Talks' To Direct [UPDATE]
U6499,user_2,Crime,Man Allegedly Tries To Rob A Chuck E. Cheese During His Own Job Interview
U3456,user_2,Crime,Gunfire Erupts In Ferguson After Protester Is Struck By Car
U0325,user_2,Crime,'That's What Triggered It': Orlando Nightclub Shooter Revealed Motive To Police Negotiator
U5700,user_3,Entertainment,Demi Lovato Absolutely Slays Cover Of Adele's 'Hello'
U9120,user_1,Tech,Here's How To Get Free 2-Day Shipping On Your Black Friday Purchases
U4922,user_3,Entertainment,Lindsey Stirling Readies 'Sensual And Sexy' Routine For New 'Dancing With The Stars'
U5698,user_2,Crime,Tracy Sin-Yee Tam Identified As Doctor Gunned Down By Former Employee At Bronx Hospital
U7689,user_3,Entertainment,Barry Jenkins Quietly Makes History With Oscar Nomination Trifecta
U3250,user_2,Crime,Trial Over Walter Scott Killing By South Carolina Police Deadlocks Over Holdout Juror
U6410,user_1,Tech,Hey Guys: The Internet Knows You're A Dog
U5308,user_1,Tech,Facebook Just Transformed Into A New Product Right Before Your Eyes
U7675,user_1,Tech,"Microsoft Debuts Surface Book, Its First Laptop, Plus Other New Gizmos"
U8922,user_2,Crime,Boston Beefs Up Security As Marathon Nears
U4531,user_1,Tech,The Surprising Thing You Never Noticed About Apple
U4004,user_2,Crime,Commissioner Bratton Confirms NYPD Slowdown
U7284,user_1,Tech,"GoPro Omni, New Virtual Reality Camera, Unveiled"
U5769,user_1,Tech,5 Pre-Black Friday Deals That Are Just As Good As The Real Thing
U9195,user_3,Entertainment,Kesha Fans Set To Protest Sony Music Outside New York Courthouse
U2770,user_3,Entertainment,Tina Fey Gets '30 Rock' Episodes With Blackface Removed From Viewing
U2362,user_3,Entertainment,"Interview: Vera Farmiga on At Middleton, Bates Motel and The Conjuring"
U5207,user_3,Entertainment,‘Community’ Creator Dan Harmon Apologizes To Writer Megan Ganz For Treating Her Like Garbage
U5606,user_1,Tech,Five Low-Tech Ways Manufacturers Can Make Guns Safer
U2413,user_1,Tech,Netflix Moves To Conquer Even More Of The World
U4080,user_2,Crime,Ahmad Khan Rahami's Dad: I Reported My Son To The FBI Years Ago
U0401,user_1,Tech,Spirit Story Box Is The Latest iPhone App For 'Ghosthunters'
U6405,user_1,Tech,Facebook IPO News Recap: Everything You Missed From The Social Network's Big Day
U0889,user_3,Entertainment,24 Gifts 'Black Panther' Fans Will Love To Ring In The Release
U8222,user_1,Tech,Police Officials Tell Congress Encryption Hurts Their Ability To Fight Crime
U7370,user_2,Crime,Police Horse Dies After Cop Forgets He Tied Him Up With No Food Or Water
U0497,user_1,Tech,Facebook Temporarily Killed Off A Lot Of Its Users
U6085,user_3,Entertainment,Amber Ruffin Reels Off Long List Of Bad Things Donald Trump Has Done To Women
U3316,user_2,Crime,Guy In MAGA Hat Allegedly Unloads Bear Spray Into Crowd Of Anti-Trump Protesters
U8493,user_1,Tech,"Uh Oh, One Of Samsung's Replacement Phones Caught Fire On An Airplane"
U4906,user_1,Tech,Meet The Man Who Uncovered The Target Hack
U8798,user_1,Tech,The New App a Secret Agent Would Love
U6223,user_3,Entertainment,This 'Game Of Thrones' Star Is Unrecognizable Out Of Costume
U1304,user_1,Tech,Boston Marathon Bombing Victim Halloween Costume Prompts Online Fury
U5073,user_1,Tech,Facebook Prioritizes What Makes You 'Sad' Or 'Angry' Over What You 'Like'
U5977,user_3,Entertainment,"Tina Fey, Goddess Of Comedy, Is Developing Yet Another Series"
U9989,user_2,Crime,Nevada Man Gets 4 Years For Scams Using Fake Trump And Biden PACS
U8370,user_2,Crime,"Quianna Tompkins, 6-Year-Old Girl, Shot During Family Memorial In Chicago"
U2277,user_2,Crime,"Limbo For Michael Slager, Ex-Cop Filmed Shooting Walter Scott In The Back"
U5047,user_3,Entertainment,Rob Reiner on the Middle-Age Love Story 'And So It Goes'
U3668,user_1,Tech,The Surprising Low-Tech Thing You Need To Enjoy Virtual Reality
U8545,user_2,Crime,Man Sets Himself On Fire At Columbus City Hall In Ohio
U2659,user_1,Tech,Google Cancels 'Town Hall' On Gender Dispute Over Fears Of Online Harassment By Far-Right
U7690,user_2,Crime,Louisiana Cops Arrested For Killing 6-Year-Old Boy
U8261,user_1,Tech,Watch The Top 9 YouTube Videos Of The Week
U1746,user_3,Entertainment,Donald Glover’s ‘Guava Island’ Features New Version Of ‘This Is America’
U4634,user_2,Crime,Are You Being Followed on Foot or By Car? What to Do
U9538,user_2,Crime,"Patrice Sanders, Florida Bus Driver, Allegedly Forced Students To Fight In Her Backyard (VIDEO)"
U5450,user_2,Crime,The Greatest Threat To Liberty Is Closer Than You Might Think
U1140,user_3,Entertainment,'Hotel Transylvania' Box Office: Film Looks To Dance Past September Record
U0855,user_2,Crime,'Glee' Star Naya Rivera Charged With Domestic Battery
U7773,user_3,Entertainment,The Rock's Baby Daughter Opens A Can Of Whoop-Ass In Instagram Video
U3308,user_3,Entertainment,Seth Rogen's F-Bomb Destruction Of Black Lives Matter Foes Is Divine
U8919,user_3,Entertainment,Jennifer Lawrence Is Thirsting After Timothée Chalamet: ‘He’s Hot'
U9386,user_2,Crime,Girl Hospitalized After Getting Boiling Water Poured On Face At Sleepover
U8620,user_1,Tech,Apple-Samsung Lawsuit: Apple Targets 4 Additional Products
U4346,user_1,Tech,15 Things Twitter Tells Us About Humanity
U1414,user_3,Entertainment,Popcorn Preview: Philomena
U2227,user_1,Tech,Headspace CEO On The Essential Weirdness Of Using Your Phone To Meditate
U5335,user_2,Crime,9 Terrifying American Murder Houses
U9073,user_2,Crime,NYC Jail Violence On The Rise: Report
U3718,user_1,Tech,How To Stop Worrying And Love Artificial Intelligence
U5507,user_3,Entertainment,Adam Rippon Wins 'Dancing With The Stars' Because It Was Destined
U5465,user_1,Tech,Uber Valued At More Than $50 Billion
U9552,user_1,Tech,Boxee's OTT Vision: Why It Matters
U7452,user_1,Tech,SXSW Held A Ridiculous Gamergate Panel
U8488,user_2,Crime,"Alan Evans Accused Of Killing Dog, Threatening To 'Eat' Roommate On Christmas Eve"
U3417,user_2,Crime,Cannibals In The News: Five Bizarre Acts Of Human Flesh Eating In One Week
U2537,user_3,Entertainment,Carrie Fisher's Daughter Billie Lourd Shoots Down 'Star Wars' Rumor
U4506,user_2,Crime,"Man Stabs 3-Year-Old Daughter, Dies In Police Shootout"
U0270,user_3,Entertainment,Miley Cyrus' Jingle Ball Performance Of '#Getitright' Features Santa Twerking And Plenty Of Glitter
U4218,user_3,Entertainment,Podcasters Offer $100K Reward For Information On 2Pac’s Killers
U8450,user_1,Tech,PokeDates Is Here To Help You Catch.. Love?
U6755,user_2,Crime,"4 Dead, Dozens Injured After Car Plows Into OSU Homecoming Crowd"
U5106,user_3,Entertainment,Candice Patton of The Flash Talks About Meeting the Fans! Part II
U5412,user_1,Tech,Nobody Seems To Understand What Jeff Bezos Is Doing. Does He?
U1246,user_3,Entertainment,"Ed Sheeran Showed Up On 'Game Of Thrones,' Fans Called For Fire And Blood"
U7094,user_1,Tech,The Silk Road's Dark-Web Dream Is Dead
U9304,user_1,Tech,Sneak Peek: HuffPost Brings Real Time Collaboration to the Newsroom
U8154,user_2,Crime,"NYC Police Search For Suspect Who Shot 2 Sleeping Homeless Men, One Fatally"
U6746,user_1,Tech,Someone Let Your Voting Data Leak Online. Here's What That Means
U4785,user_2,Crime,Death Of College Student Who Died In Custody Ruled Homicide
U6670,user_1,Tech,We Interrupt This Blog Post With a Copyright Alert
U8448,user_3,Entertainment,2000s Queen Julia Stiles Is Engaged
U7474,user_2,Crime,Second Girl Sentenced For ‘Slender Man’ Stabbing
U3541,user_1,Tech,Kansas City Man Predicts ESurance Super Bowl Commercial Winner Before Announcement
U2812,user_1,Tech,The Content Brief: Are Brands Ready for 3D Printing? [WATCH]
U6436,user_1,Tech,Watch The Top 9 YouTube Videos Of The Week
U1014,user_3,Entertainment,'Paranormal Activity: The Marked Ones' Scares Up No. 1 Place On Its First Day In Theaters
U8264,user_3,Entertainment,Dwayne Johnson Opens Up About His Mother's Suicide Attempt
U9850,user_1,Tech,Facebook Accused Of Reading Texts And Accessing Microphones In Lawsuit
U1030,user_1,Tech,Stop Sharing This Bogus Facebook Post. It Won't Make You Rich
U7870,user_3,Entertainment,Brad Pitt And Angelina Jolie Eat At Subway Just Like The Rest Of Us Plebeians
U5518,user_3,Entertainment,Damning Fox News Supercut From 'Daily Show' Exposes Network's Newest Hypocrisy
U7101,user_2,Crime,USC Football Osa Masina Charged With Rape In Utah
U7241,user_3,Entertainment,Bindi Irwin Is The Newest Contestant On 'Dancing With The Stars'
U9164,user_2,Crime,Veterans Catch Attempted Murder Suspect While Playing Pokemon Go
U8320,user_2,Crime,Mr. Incredible Convicted Of Attacking Batgirl On Hollywood Boulevard
U1397,user_1,Tech,Facebook's Targeted Ads Could Be Used To Exclude Certain Races
U5363,user_2,Crime,NYPD: Assailants Shouted 'ISIS' While Beating Man In The Bronx
U7129,user_1,Tech,Uber Settles Class-Action Lawsuits For Price Of Up To $100 Million
U0401,user_1,Tech,Tesla Autopilot Appears To Predict Crash Moments Before It Happens
U5299,user_2,Crime,"Christian Oberender, Convicted Killer, Gets Gun Permit And Buys Arsenal Of Weapons"
U5421,user_2,Crime,Commissioner Bratton Confirms NYPD Slowdown
U0014,user_3,Entertainment,"Kim Kardashian Is Working With Jared Kushner, Ivanka Trump To Pardon Alice Marie Johnson"
U9884,user_2,Crime,9-Year-Old And Anti-Violence Activist Fatally Shot During Deadly Weekend In Chicago
U5094,user_2,Crime,Cops Killed Homeless Man Who Wanted To Surrender: Prosecutor
U8034,user_3,Entertainment,All The 'Game of Thrones' References From Pop Culture
U9856,user_1,Tech,House Finally Approves Bill To Keep Your Old Emails Private
U9340,user_2,Crime,Cops Accused Of Murdering Handcuffed Man With Stun Guns
U3639,user_2,Crime,Police Attacked In Several States In Wake Of Police Killings
U7675,user_1,Tech,Mountain Biker Suffers Severe Burns After Fall Sparks iPhone Explosion
U5107,user_2,Crime,Oklahoma Tackles the Prescription Drug Abuse Epidemic
U0821,user_2,Crime,New Jersey Teen Admits He Plotted To Kill Pope Francis During U.S. Visit
U8292,user_3,Entertainment,Don't Bring Your iPad to Once the Musical
U1993,user_1,Tech,"Samsung, U.S.: Stop Using Galaxy 7 Note Phones Over Fire Risk"
U5050,user_2,Crime,"Gunman Robs Florida Blood Bank, Tells Staff He's Hungry"
U8332,user_1,Tech,Google Removed 50 Million 'Pirate' Search Results This Year
U3160,user_1,Tech,"Twitter 'Verifies' Jason Kessler, Organizer Of Charlottesville White Supremacist Rally"
U0395,user_2,Crime,Hostage Situation At Wisconsin Motorcycle Shop Ends With 1 Dead
U8911,user_1,Tech,Apple To Pay Teen Who Uncovered FaceTime Eavesdropping Bug
U1336,user_2,Crime,5 Kids Shot With BB Guns By 5 Adults And Forced To Watch Sex Acts: Cops
U6340,user_2,Crime,Man Allegedly Punches Disabled Veteran Over A Service Dog
U6295,user_2,Crime,Marlon Brown's Family Releases GRAPHIC VIDEO Of Florida Officer Running Him Over
U2819,user_2,Crime,NYPD Union Responds To Calls For Reform By Shaming The Homeless
U3721,user_2,Crime,George Zimmerman: God Is The 'Only Judge That I Have To Answer To'
U4454,user_3,Entertainment,Harry Styles Announces His World Tour Dates
U7673,user_1,Tech,Apple Just Registered Apple.car
U2882,user_1,Tech,How To Spot Twitter Propaganda: Study
U9338,user_2,Crime,"In the Wake of Garner, A Plea for Hope"
U7001,user_1,Tech,The 'Pokemon Go' Servers Went Down And People Totally Freaked Out
U0156,user_1,Tech,Adorable Cookie Monster Apple Ad Gives Us All The Feelings
U3150,user_1,Tech,Apple Is Hiring People To Predict What You're Thinking
U7167,user_3,Entertainment,Nicki Minaj Set To Appear In Her Own ABC Family TV Show
U3396,user_1,Tech,Thiel Shows Why Tech Billionaires Are The New Robber Barons
U3069,user_2,Crime,Suspected Chelsea Bomber Allegedly Attacked Family In 2014
U2530,user_3,Entertainment,"See Liam Neeson As Deep Throat, 'The Man Who Brought Down The White House'"
U0866,user_2,Crime,"MIT Gunman: Man With Rifle Reported On Campus, Scene Is Clear (UPDATE)"
U2041,user_3,Entertainment,Watch Kids Adorably Explain The Plots Of This Year's Best Picture Oscar Contenders
U0440,user_2,Crime,A Disturbing Look At America's Domestic Violence Problem
U6176,user_3,Entertainment,Vin Diesel Flexes His Voice To Audition For 'Carpool Karaoke'
U6850,user_2,Crime,Police Catch 'Nonchalant' Gunman Who Killed 3 At Colorado Walmart
U1947,user_2,Crime,"Dozens Of Gravestones Toppled, Broken At Philadelphia Jewish Cemetery"
U3499,user_1,Tech,Kickstarter Focuses Its Mission On Altruism Over Profit
U0943,user_3,Entertainment,George Takei Has A Revelation About John McCain And Severus Snape
U1599,user_1,Tech,Most In US Will Use Amazon For Online Holiday Shopping This Year
U7419,user_3,Entertainment,Here's The First Poster For 'St. Vincent'
U9461,user_3,Entertainment,Taylor Swift Joins Nicki Minaj For Opening Performance At MTV Video Music Awards
U0185,user_3,Entertainment,Female Presidential Candidate Finds New Purpose After Election Defeat In ‘Veep’ Trailer
U9231,user_2,Crime,"Cynthia Lynn Davis Identified As Murder Victim In 1997 Cold Case, Alabama Police Say"
U0742,user_3,Entertainment,Lady Gaga's Tribute To David Bowie At The Grammys Was Wildly Entertaining
U9270,user_1,Tech,'Serial' Season 2 Will Launch On Pandora
U4623,user_2,Crime,LA Police Kill Suspect In Stabbing Spree
U5573,user_3,Entertainment,Ryan Reynolds Comments On Marriage Trouble Rumors Like Only He Can
U9020,user_1,Tech,California Can Teach The Rest Of Us An Important Lesson In Digital Privacy
U3861,user_1,Tech,"There Are Fewer Pokemon Go Locations In Black Neighborhoods, But Why?"
U0243,user_1,Tech,Yahoo Is Reportedly Lowballing On Its Hulu Bid
U0192,user_1,Tech,Pilot Uses GPS Tracker To Draw Picture Of A Plane... With A Plane
U6830,user_1,Tech,Netflix Is Getting Rid Of An Easy Way To Watch Blocked Content
U0768,user_1,Tech,Apple Launches iPhone X With Edge-To-Edge Display
U3576,user_2,Crime,"Some Thoughts on Ariel Castro, George Zimmerman and Ending Violence"
U3318,user_3,Entertainment,Are You Ready For An Older Kevin On 'This Is Us'? Justin Hartley Is.
U3393,user_2,Crime,Arrest Made In South Carolina Mall Shooting That Wounded 14 People
U8314,user_3,Entertainment,Caitlyn Jenner's Conservative Views Create Tension On 'I Am Cait'
U0278,user_2,Crime,"Mother Admits Smothering Children, Faces Murder Charges"
U1955,user_3,Entertainment,The Maron/Maron split
U2725,user_2,Crime,Guard Arrested After Beating Of Handcuffed Prisoner Is Caught On Video
U8799,user_2,Crime,Footage Shows Christian Taylor Break Into Car But Not Shooting By Cop
U9788,user_1,Tech,How To Block 'Star Wars' Spoilers On Social Media
U0453,user_3,Entertainment,Justin Timberlake Is The New Face Of Dad-Pop
U1748,user_1,Tech,Facebook Investigates Claim That Employee Used 'Privileged Access' To Stalk Women
U2741,user_2,Crime,"More Than 100 Dogs Rescued From Cramped, Filthy Cages In Puppy Mill Bust"
U8809,user_3,Entertainment,An Open Letter From Dylan Farrow
U0405,user_2,Crime,"Nicole Houde, Former Miss New Hampshire, Arrested After Alleged Assault (PHOTOS)"
U4135,user_3,Entertainment,Amy Schumer And New Boyfriend Take Their Love To The Golden Globes
U2658,user_3,Entertainment,Ian McKellen Reveals Why He Turned Down The Role Of Dumbledore In 'Harry Potter'
U8403,user_2,Crime,"Carbon Monoxide Leak At Hotel Pool Leaves 1 Teen Dead, 12 People Hospitalized"
U8364,user_2,Crime,'Speed Freak Killers' Investigation Uncovers Another Body
U8978,user_1,Tech,FaceTime Users Urged To Disable App Over Eavesdropping Bug
U4123,user_2,Crime,The American Way To Grieve
U7016,user_2,Crime,"Amonderez Green, Teen Shot Near Ferguson, Was An Avid Rapper"
U0139,user_3,Entertainment,Woman Claims Mom’s Abuse Made Brother ‘Snap’ And Murder Grandma
U4090,user_3,Entertainment,Replacement Director For Next Marvel Movie Finally Hired
U4328,user_1,Tech,Of Course Apple Won't Actually Let You Delete Default Apps
U7606,user_2,Crime,At Least 40 Shot In Chicago Weekend Wave Of Violence
U1195,user_1,Tech,Snowden: Apple Should Fight Obama Administration On Encryption
U0061,user_1,Tech,Cheap Drones Are Interfering With Firefighters' Work
U4644,user_3,Entertainment,A-Sides with Jon Chattman: Tony Awards Spotlight on Rocky's Andy Karl
U3984,user_1,Tech,Over-The-Top Tech Headquarters Might Be More Trouble Than They're Worth
U3868,user_1,Tech,House Finally Approves Bill To Keep Your Old Emails Private
U2682,user_3,Entertainment,Todd Rundgren: I Saw the Light
U5266,user_1,Tech,Sherry Turkle On The Power Of Talking (Face To Face)
U4955,user_3,Entertainment,Mad About the '60s ... Goldfinger at 50 and Bond Beyond
U5745,user_2,Crime,Louisiana Cops Arrested For Killing 6-Year-Old Boy
U1410,user_3,Entertainment,Potential Hollywood Writers' Strike Might Force Late-Night TV To Go Dark
U3279,user_2,Crime,Police Pursue Person Of Interest In 42-Year-Old 'Valentine's Day Killings' Cold Case
U5483,user_2,Crime,Video Of Baby With Handgun In Mouth Leads To Couples' Arrest
U2566,user_1,Tech,Kuwait Twitter User Sentenced To 2 Years In Prison For Insulting Emir
U3431,user_1,Tech,Sneak Peek: HuffPost Brings Real Time Collaboration to the Newsroom
U9185,user_1,Tech,'Pokemon Go' Users Are Going To Yik Yak To Get Tips
U2394,user_3,Entertainment,Music to Thaw the Deep Freeze
U5073,user_2,Crime,Investigation Reveals Key Mistakes In Overturned Murder Case
U0903,user_3,Entertainment,The Game Is Coming To Its End In Intense New 'Mockingjay - Part 2' Trailer
U9537,user_3,Entertainment,Joni Mitchell Yanks Music From Spotify To Back Neil Young Over Joe Rogan's COVID Lies
U1014,user_1,Tech,Apple Will Probably Introduce A New iPhone Sept. 9
U5608,user_3,Entertainment,'Game Of Thrones' Actor Says Euron Actually Wants 'World Domination'
U5684,user_1,Tech,When Is It Okay To Mine Hacked Emails?
U6556,user_2,Crime,"Seattle's Vigilante 'Bike Batman' Confronts Thieves, Gets Stolen Bicycles Back"
U3574,user_3,Entertainment,Rihanna Spells Out Exactly What She Thinks Of Donald Trump With Graffiti Photos
U3830,user_3,Entertainment,Watch A Grown Man Cry At A Foo Fighters Concert And Get Invited On Stage
U2542,user_3,Entertainment,HBO Hack Is Reportedly 7 Times Larger Than Catastrophic Sony Attack
U0637,user_2,Crime,Maryland Police Charge 3 Church Leaders With Past Abuse Of At-Risk Teen Girls
U5916,user_1,Tech,Cambridge Analytica Files For Chapter 7 Bankruptcy After Facebook Privacy Row
U5403,user_1,Tech,Google Could Face Fines For Squeezing Out Rivals In Europe
U6262,user_1,Tech,"Apple I Auction: Sotheby's Puts First Wozniak, Jobs Device On The Block For $180,000"
U0869,user_2,Crime,Racist Graffiti Scrawled All Over Georgia High School
U4288,user_1,Tech,WATCH: Amazon Thinks It Can Predict Your Next Order
U6698,user_1,Tech,Is That an Apple?
U4850,user_2,Crime,"Woman Hid Heroin, Oxy Under Fake Butt, Cops Say"
U4958,user_1,Tech,Your Phone Is Your Secret Weapon For Holiday Shopping
U7767,user_1,Tech,It's Time To Talk About The 'Gig Economy'
U7972,user_3,Entertainment,"Drake ""HYFR"" & ""Take Care Videos"": Rapper Drops Bar Mitzvah-Themed Video & Rihanna Collaboration Video"
U6836,user_2,Crime,Drug Abuse Counselor Sentenced For Driving Drunk With Victim On Her Windshield
U0894,user_3,Entertainment,Taylor Swift Calls Out Tumblr Troll For Negativity And Bad Grammar
U2938,user_1,Tech,How Pirates And Hackers Worked Together To Steal Millions Of Dollars In Diamonds
U2319,user_2,Crime,"Nursing Home Workers Allegedly Filmed, Egged On Brawls Between Dementia Patients"
U6072,user_2,Crime,Beauty Queen Arrested For Allegedly Faking Cancer For Cash
U2268,user_2,Crime,Pennsylvania Public Defenders Rebel Against Crushing Caseloads
U9870,user_1,Tech,Report: White House Will Not Publicly Back Encryption Legislation
U2456,user_3,Entertainment,"Mining the Audio Motherlode, Volume 207 -- Great Free Music Online"
U2590,user_2,Crime,Teacher Already Accused Of Sex Assault Re-Arrested
U3106,user_2,Crime,Dallas Shooting Suspect Confirmed Dead: Police
U6380,user_1,Tech,Watch The Top 9 YouTube Videos Of The Week
U6399,user_1,Tech,Of Course Tinder Founder Doesn't Know What 'Sodomy' Is
U3409,user_1,Tech,Pranksters Rename Mexico's Congress As 'Chamber of Rats' On Google Maps
U5579,user_1,Tech,The Government Is Taking A Huge Step On Online Privacy
U1061,user_1,Tech,'Gangnam Style' YouTube Views: Psy's Viral Hit Beats Bieber To Become Most-Viewed YouTube Video Ever
U8483,user_3,Entertainment,The Griswolds Get 'Out Of My Head' With New Single Premiere
U7980,user_1,Tech,Internet's Sad Legacy: No More Secrets
U8030,user_2,Crime,"Couple Ordered To Pay Enslaved Nanny $121,000 After 2 Years Of Work"
U4019,user_3,Entertainment,Cinema's Hidden Pearls -- Part II
U3796,user_2,Crime,No State Charges For Cops Who Shot And Killed Mexican Farmworker In Washington State
U7865,user_1,Tech,Boxee's OTT Vision: Why It Matters
U1571,user_2,Crime,Ferguson Is Rallying Cry For Protests Over Cop Killings
U3374,user_1,Tech,FaceTime Users Urged To Disable App Over Eavesdropping Bug
U1739,user_3,Entertainment,Celebs Express Anger After Donald Trump Announces Ban Against Trans Troops
U5185,user_3,Entertainment,Nicole Kidman & Husband Keith Urban Hit ‘Paddington' Premiere
U2081,user_1,Tech,Why You Should Give Your Kid an iPad for Christmas (It Isn't What You Think)
U8744,user_1,Tech,Apple Says It Cares About Diversity. Facts Say Otherwise.
U2874,user_3,Entertainment,Tom Brady Slams Helmet In Tantrum And Twitter Loves It When He's Angry
U5709,user_2,Crime,Texas Sheriff's Deputy Killed In Ambush At Gas Station
U1084,user_1,Tech,Barrett Brown vs. the Private Intelligence Business
U2677,user_2,Crime,Police Arrest Naked Man Who Jumped Onto Moving Truck Near Dulles Airport
U4253,user_1,Tech,Uber Valued At More Than $50 Billion
U5969,user_1,Tech,Two Words: Driverless Boats
U0600,user_2,Crime,Former NYPD Detective Gets Emotional Over Dallas Shooting
U4182,user_3,Entertainment,"A Look Back At Beyoncé's '4,' Now 4 Years Old"
U5941,user_1,Tech,Amazon Resets Some User Passwords Over Fears Of Leak: Report
U5232,user_1,Tech,This Is The Pokemon Your State Is Searching For Most
U1128,user_2,Crime,"Nedra Byrd Arrested After 10-Year Old Son Found, Naked, Drunk On Florida Streets"
U5450,user_3,Entertainment,"Hangout, Day 1: Kings of Leon, Jim James, Ryan Bingham Kick Off One of the Best Fests (Slideshow)"
U4110,user_1,Tech,"YouTube April Fools 2013: Video Sharing Website Will Shut Down, Announce Winner In 2023 (VIDEO)"
U7942,user_2,Crime,"3-Year-Old Boy Found Frozen To Death, Locked Outside In Diaper"
U3295,user_2,Crime,WATCH: Dog Attacks Would-Be Gas Station Robber
U5872,user_2,Crime,"Chris Hays, San Diego Police Officer, Accused Of Sexual Misconduct, Improper Pat Downs"
U7847,user_1,Tech,Verizon Drops Contracts And Subsidies For New Customers
U5284,user_3,Entertainment,"Zac Efron, Corbin Bleu And Lucas Grabeel Had A 'High School Musical' Reunion On Broadway"
U8568,user_2,Crime,Judge Weighs Bid To Dismiss Child Sex Abuse Claim Against Cosby
U9734,user_1,Tech,The Huge Growth In Tech Has Created Digital Inequality
U7155,user_2,Crime,Backlash After Report Calls Killing Of Tamir Rice 'Objectively Reasonable'
U9175,user_1,Tech,WATCH: E3 Brings The Console Wars to LA
U0000,user_3,Entertainment,Tyga's Lawyer Speaks Out Against Leaked Photos
U3496,user_1,Tech,What To Do If You Think An Online Account Has Been Hacked
U5457,user_2,Crime,Sing Sing Prisoners Redefine 'Paying A Debt To Society'
U2955,user_2,Crime,CAUGHT ON VIDEO: World's Grinch-iest Vandal Tries To Kill Frosty The Snowman
U8262,user_1,Tech,Uber Just Took A Huge Step Toward Integrating With Mass Transit
U3391,user_2,Crime,Possibility of Escape
U2428,user_2,Crime,Devastating Floods Leave 23 Dead In West Virginia
U9358,user_3,Entertainment,"Aw, Here It Goes! Kenan & Kel Reunite To Bring Back 'Good Burger'"
U4741,user_3,Entertainment,E! Reportedly Developing 'Jawbreaker' TV Series To Feed Your Appetite For Nostalgia
U8521,user_2,Crime,"Police Fatally Shoot Nearly 1,000 Civilians In 2015"
U4299,user_1,Tech,Wild-Looking Glow-In-The-Dark Sidewalks Could Spell The End Of Streetlights
U7451,user_2,Crime,Janitor Suspected Of Abducting 8-Year-Old Gave Gifts To Other Homeless Girls
U1113,user_2,Crime,"Fla. Man Accused In Killing Of Wife, Friend, Pastor"
U7847,user_1,Tech,Is Samsung About To Eat Apple's Lunch?
U0122,user_3,Entertainment,"Why Angelina Jolie, 40, Loves Being In Menopause"
U8075,user_3,Entertainment,Jim Jarmusch Turns the Vampire Myth: Only Lovers Left Alive
U4917,user_3,Entertainment,Final 'House Of Cards' Season Will Go Forward With Robin Wright As Its Lead
U2701,user_1,Tech,Cyber Monday 2015: The Best Gift Ideas For Friends And Family
U4271,user_3,Entertainment,"Mariah Carey Postpones Christmas Tour, Per Doctor's Orders"
U3023,user_3,Entertainment,Brie Larson Says Her Reaction To Casey Affleck Winning An Oscar 'Speaks For Itself'
U9166,user_2,Crime,"Heather Heyer 'Murdered While Protesting Against Hate' In Charlottesville, Friends Say"
U4372,user_2,Crime,New Outside Reports Call Tamir Rice Shooting 'Objectively Unreasonable'
U0906,user_3,Entertainment,Katy Perry's Grammy Nominations Night Includes 'Roar' Performance
U4867,user_3,Entertainment,Draco Malfoy Is Actually A Gryffindor
U6095,user_2,Crime,"1 Dead, 4 Injured In Shooting At Florida ZombiCon Event"
U1714,user_1,Tech,"iPhone 5 In September, iPad Mini In October, Apple Television God Knows When: This Week In Apple Rumors"
U6203,user_3,Entertainment,Marvel's Top Directors Want LGBT Superheroes To Save The Day
U6545,user_2,Crime,Oscar Pistorius Treated In Hospital For Wrist Injuries: Reports
U1543,user_2,Crime,Police Horse Dies After Cop Forgets He Tied Him Up With No Food Or Water
U0947,user_3,Entertainment,Film And Stage Star Ariana DeBose To Host The Tony Awards
U7867,user_3,Entertainment,Chris Pine Tries To Settle 'Hollywood Chris' Debate Once And For All
U2126,user_2,Crime,Baltimore Detective Killed A Day Before Testifying In Federal Case Against Fellow Cops
U3112,user_3,Entertainment,Chris Hemsworth Is Unrecognizable After 'In The Heart Of The Sea' Weight Loss
U8530,user_3,Entertainment,Carrie Underwood 'Not Quite Looking The Same' After 50 Stitches In Face
U8803,user_2,Crime,"California College Student In Stabbing Spree Was Inspired By ISIS And Acted Alone, FBI Says"
U4721,user_2,Crime,Oscar Pistorius Treated In Hospital For Wrist Injuries: Reports
U4495,user_2,Crime,"Jason Chidgey, Landlord, Hid Friend's Dead Body In Bar To Avoid Missing Weekend Business"
U6310,user_2,Crime,Man Opens Fire On Two 'Pokemon Go' Players In Florida
U5946,user_2,Crime,"17 Year Old Neighbor Faces Murder, Rape Charges In 6-Year-Old's Death"
U9428,user_3,Entertainment,Netflix To Shut Down Planned Louis C.K. Comedy Special
U1248,user_1,Tech,Air Force's Billion-Dollar Software Stumble
U6419,user_2,Crime,Florida Gunman In Full Body Armor Arrested After Killing 4: Police
U6409,user_2,Crime,Police Change Timeline Of Las Vegas Mass Shooting Again
U7243,user_3,Entertainment,'Captain America' Dominates Box Office For Second Weekend In A Row With $72.6 Million
U4916,user_2,Crime,Police Arrest Naked Man Who Jumped Onto Moving Truck Near Dulles Airport
U8298,user_2,Crime,Police Chief Calls Shooting Of Black Teen By White Cop A 'Tragedy'
U7154,user_2,Crime,Police: Driver Stranded In Blizzard Shot And Killed Man Who Tried To Help Him
U0551,user_3,Entertainment,Suzanne Somers Says She's 'Happy' About Trump
U3022,user_3,Entertainment,"The Place Behind the Pines: ""The Killing"" Ends in Light"
U9608,user_2,Crime,NYPD Union Leader Lashes Out At Mayor Again
U9190,user_1,Tech,This Company's Chips Are Already In Your House. IBM Wants To Connect Them To The Internet.
U5094,user_3,Entertainment,Beyoncé Explains The Birth Of 'Yoncé' And Breaking 'The Fourth Wall'
U1064,user_2,Crime,Officials Haven't Found Evidence Linking Florida Shooting Suspect To White Supremacists (UPDATE)
U6557,user_2,Crime,Hawaii Man Accused Of Murdering Wife In Front Of Young Daughter
U3842,user_2,Crime,Jury Awards $3 Million In Damages Over Rolling Stone Rape Story
U8447,user_1,Tech,Are We All Digital Diplomats?
U6210,user_2,Crime,"Street Magician Tried To Make Woman's Bikini Disappear, Police Say"
U2388,user_1,Tech,This Adorable Robot Could Save Your Grandma's Life
U3040,user_1,Tech,Video Game Gift Givers Guide For Dummies: Christmas 2012 Version 2.0 (PHOTOS)
U6980,user_2,Crime,"Keith Tabron, Former 'Detective Of The Year,' Secretly Videotaped Stepdaughter Undressing"
U7967,user_1,Tech,Should You Buy a BlackBerry 10?
U4496,user_1,Tech,This Is How Visualizing Open Data Can Help Save Lives
U8996,user_3,Entertainment,'Unfriended' Keeps on Keeping on
U6198,user_1,Tech,7 Epic Video Game Fails: The Most Painful (And Hilarious) Run-Ins With The Wii And Kinect
U3017,user_1,Tech,8 Arrested In Spain Over Global Bank Cyber Heists
U3012,user_2,Crime,Arizona 2-Year-Old 'Lucky To Be Alive' After Shooting Himself In Face: Police
U5647,user_2,Crime,Man Who Believes He Is A 'Werewolf' Who Killed A 'Vampire' Found Guilty Of Murder
U9129,user_1,Tech,The Global Cyberattack And The Need To Revisit Health Care Cybersecurity
U4914,user_1,Tech,Tinder Demands Removal Of Billboard Linking App To STDs
U7483,user_3,Entertainment,Watch Every Quentin Tarantino Movie Death In 4 Minutes
U5185,user_2,Crime,Letters from Men in Prison: The Call for Accessible Entrepreneurship Education
U4214,user_1,Tech,Kansas City Is Becoming a Mecca for Big Technology Names
U9805,user_1,Tech,Amazon's Super Cheap Kindle Fire Tablet Just Got An Upgrade
U1660,user_3,Entertainment,Kevin's Addiction Will Surely Signal New Revelations About Jack On 'This Is Us'
U9951,user_3,Entertainment,I Ain't Gonna Work on Maggie's Farm No More: 'True Detective' and the Deep Dark Secret of the American Psyche
U8420,user_2,Crime,LAPD Chief: Carnell Snell Jr. Was Holding Gun Before Fatal Police Shooting
U8627,user_1,Tech,"Senator Charles Schumer Asks FTC To Probe Apple, Android"
U8827,user_1,Tech,New iPhone To Be Unveiled By Apple September 10th: Report
U2727,user_1,Tech,Sherry Turkle On The Power Of Talking (Face To Face)
U5170,user_3,Entertainment,Prince Harry Reveals What Nearly 'Ruined' His Wedding Gesture To Meghan Markle
U7745,user_3,Entertainment,"5 Things You Didn't Know About 'Fringe,' According To Dr. Bishop"
U8199,user_1,Tech,Facebook Will Allow 900 Million People To Keep Messages Secret
U7520,user_2,Crime,Coroner Reclassifies A Man's Suspicious Death After HuffPost Investigates
U7033,user_1,Tech,Hackers Breach Computer Networks Of Some Big U.S. Law Firms: Report
U7734,user_1,Tech,Should You Buy a BlackBerry 10?
U7715,user_1,Tech,The Most Popular Hanukkah Videos to Ever Hit YouTube
U3316,user_2,Crime,Shootout Leaves Black Man Dead And Officer Wounded
U7720,user_3,Entertainment,Princess Eugenie Shares Sweet Photo To Mark 3rd Wedding Anniversary
U5831,user_1,Tech,Mark Zuckerberg Makes Clear He's Against Colonialism In India
U8637,user_2,Crime,San Diego Police Fatally Shoot 15-Year-Old Who Was Holding A BB Gun
U1466,user_2,Crime,North Carolina Man Broadcasts His Own Killing On Facebook Live
U2045,user_2,Crime,Fire Consumes North Dakota Church Owned By White Supremacist
U4391,user_1,Tech,HP's Europe Offices May Cut Thousands More Jobs
U0642,user_2,Crime,Report: Gawker And Hulk Hogan In Settlement Talks In Privacy Case
U0116,user_2,Crime,Aggressive Bystanders Thwart Carjacking
U2218,user_1,Tech,AT&T Upgrade Fee To Double On February 12
U4959,user_2,Crime,Police In LA Shoot And Kill Suspected Cruiser Thief After High-Speed Chase
U0837,user_2,Crime,Car Plunges Off 200-Foot Sea Cliff On Hawaii's Hana Highway
U5978,user_3,Entertainment,Gayle King Clears Up That Prince Harry And Meghan Markle Rumor
U3717,user_2,Crime,"Christopher Hunt, Missouri Sheriff Deputy, Gets 5 Years In Prison For Burglary, Assault"
U0067,user_1,Tech,EU Doesn't Want The U.S. Spying On European Citizens
U8840,user_3,Entertainment,Jimmy Fallon's Adorable Daughters Went All Out For Halloween
U6585,user_3,Entertainment,Not Loving Like
U0617,user_1,Tech,"AT&T Mobile Charging Effort Falls Flat In Red Hook, Brooklyn"
U8668,user_1,Tech,6 Streaming Devices To Buy This Holiday Season
U6992,user_1,Tech,Judge Denies Government's Request To Unlock iPhone In Drug Case
U2422,user_2,Crime,"Ohio State Attacker May Have Been Inspired By Overseas Militants, FBI Says"
U4950,user_2,Crime,Police Union Doesn't Want Mayor At Cop Funerals
U4276,user_2,Crime,Lawyers Can Keep Bras On While Entering Maine Jail: Sheriff
U4288,user_3,Entertainment,Kim Dickens Reveals Answers About That 'Fear The Walking Dead' Premiere
U0482,user_3,Entertainment,Tiffany Haddish Needs To Win Every Award After This Hilarious Acceptance Speech
U9625,user_1,Tech,SpaceX Launches And Lands The First Recycled Orbital Rocket Ever
U6142,user_1,Tech,"Why Mobile Apps Have Become The ""In"" Thing"
U2254,user_3,Entertainment,Designing Change: The History of Red Carpet Green Dress
U3971,user_3,Entertainment,Realest Lady On Twitter Chrissy Teigen Needs Your Help Before The Grammys
U5187,user_1,Tech,"Hands-Free Tech Like Siri Can Be Dangerous For Drivers, Study Says"
U0589,user_2,Crime,Auction For George Zimmerman's Gun Used To Kill Trayvon Martin Hijacked By Fake Buyers
U5849,user_1,Tech,'Cash Mobs' Use Social Media To Splurge In Locally Owned Stores
U3139,user_3,Entertainment,Taylor Swift Songs Were Streaming This Whole Time If You Looked In The Right Place
U5627,user_1,Tech,Oops! Facebook Accidentally Told The World That The Philippines Was At War
U7598,user_2,Crime,Scores Injured After Commuter Train Derails In Brooklyn
U7035,user_1,Tech,Instagram Is Adding A 'Mute' Button For The Sake Of Your Sanity
U1912,user_1,Tech,9 Samsung Execs Are Being Investigated For Insider Trading
U6718,user_3,Entertainment,The Radical Empathy Of 'Master Of None'
U6230,user_1,Tech,Target Under Fire For Not Revealing Hacks Earlier
U4541,user_2,Crime,Teen Attacks Paramedic Who Stopped Ambulance Sex Session
U6619,user_2,Crime,"Tokyo Man Allegedly Severs Wife's Lover's Penis, Flushes It"
U4783,user_3,Entertainment,Watch The Tanner Sisters Whip And Nae Nae In New 'Fuller House' Trailer
U8866,user_3,Entertainment,Cameron Crowe Leads A Musical Tour Through His Filmography
U8052,user_3,Entertainment,Couch Jump! Tom Cruise Joins Instagram
U1693,user_2,Crime,Former Mail Carrier Gets Prison Time For Stealing Stimulus Checks
U6877,user_3,Entertainment,Here's Every Single Possible Twitter Joke All At Once
U0487,user_2,Crime,"Corrupt Execs, Corporate Accountability and Human Rights: Untangling the Net Around Corporate Criminal Prosecutions"
U3601,user_2,Crime,Frein's Sister Questions Brother's Injuries
U7231,user_1,Tech,The World of 'Makers' Revealed by Wired's Chris Anderson
U1396,user_1,Tech,Top Silicon Valley Venture Capitalist Defends Colonialism In India
U4650,user_2,Crime,Cyber Monday Launches Black Hat Shopping Season
U0320,user_3,Entertainment,'Grey's Anatomy' Recap: Where the Heck Is Derek? in 'Crazy Love'
U2173,user_1,Tech,Life On A Social Media Island--Where Digital Natives And Digital Immigrants Must Collaborate
U0506,user_3,Entertainment,Sarah Jessica Parker Says Cynthia Nixon Has Her Vote For New York Governor
U2775,user_3,Entertainment,The 10 Most Instantly Legendary Lines From Kanye's VMAs Speech
U7553,user_2,Crime,Day Care Under Fire After Photo Of Duct-Tape Restraint Surfaces
U5194,user_2,Crime,Backpage.com Founders Indicted For Facilitating Prostitution On Site
U4755,user_2,Crime,Mary Winston Death: Osmond Ignatius Winston Gives Self Up In Neglect Case
U0077,user_3,Entertainment,Mark Hamill Has A Very 'Star Wars' Reaction To Trump Losing
U6374,user_2,Crime,Mom Sentenced For Disturbing Sex Crimes Against Toddler Son
U0913,user_3,Entertainment,Reese Shows Her Wild Side In 'Wild'
U8030,user_2,Crime,"Lisa Holley, Allegedly Faked Daughter's Cancer And Pregnancy"
U8021,user_3,Entertainment,Five American History Series HBO Should Produce Before 'Confederate'
U5186,user_2,Crime,Should the Police Be Armed?
U6044,user_3,Entertainment,Here's What To Watch On Netflix Over The Holidays
U9981,user_3,Entertainment,"To Stay Grounded In Hollywood, Tony Hale Talks To Himself"
U9868,user_2,Crime,"Hannah Truelove Case: Cops Seek Suspect, Vehicle In Violent Murder As Dad, Jeff, Speaks Out"
U2437,user_2,Crime,Florida Extends 'Stand Your Ground' To Cover Warning Shots
U6098,user_2,Crime,'Criminal Minds' TV Show Teaches Murder Suspect To Hide Bodies: Cops
U1093,user_2,Crime,Second Person In Custody In Connection With Killing Of 4 In Pennsylvania
U1167,user_1,Tech,7 Places Where You Shouldn't Play 'Pokemon Go'
U5962,user_1,Tech,Silicon Valley Takes Big Step Beyond 'Slackatavism'
U1939,user_3,Entertainment,Sheldon Will Choose Sex Over ‘Star Wars’ On ‘Big Bang Theory’
U8916,user_3,Entertainment,Norman Reedus Shoots Pete Davidson With An Arrow On 'SNL'
U6681,user_1,Tech,Instagram And Facebook Remove Posts Offering Abortion Pills
U6026,user_2,Crime,"Suspect Is Killed After Shots Fired In Reno, Nevada"
U5741,user_2,Crime,"Daphne Viola Webb Missing: California Toddler's Father, John Webb, Freed As Search Continues"
U6021,user_1,Tech,Russia Goes for Gold in Internet Regulation
U1146,user_1,Tech,Hackers Are Learning Customer Service Tactics To Target Victims
U6011,user_1,Tech,Here's Where To Get The Best Black Friday Deal On An XBox One
U3107,user_3,Entertainment,Alex Trebek Takes A Break From 'Jeopardy!' After Brain Surgery
U2401,user_1,Tech,Woman In China Says Colleague’s Face Was Able To Unlock Her iPhone X
U6590,user_1,Tech,Google's Driverless Car Division Goes On Hiring Spree
U0026,user_3,Entertainment,Susan Sarandon Defends Ariana Grande's Bizarre Doughnut Licking On Twitter
U2531,user_1,Tech,"Apple Leads The Charge on Security, But Who Will Follow?"
U1805,user_1,Tech,Twitter Goes Down And Everyone Freaks Out On Facebook And Instagram
U3307,user_3,Entertainment,Donald Trump Just Can't Stop Losing In Spoof ‘Groundhog Day’-Style Trailer
U9896,user_3,Entertainment,Angelina Jolie Refutes Vanity Fair's Portrayal Of Controversial Auditions
U1571,user_2,Crime,Nevada Rancher Cliven Bundy Indicted For 2014 Standoff
U2560,user_2,Crime,Mother Of 3 Fatally Shoots Gang Member Inside Her Home: 'It Was Either Him Or Me'
U1390,user_1,Tech,HP Explains How Its Computers Got To Syria
U8846,user_1,Tech,Facebook's Vision For The Future Might Demolish Business As You Know It
U8175,user_1,Tech,"NRA Under Twitter, Facebook Attack After Newtown Shootings"
U5581,user_3,Entertainment,Michaela Watkins On The 'Myth' Surrounding Female-Driven Shows
U4368,user_2,Crime,Alabama Executes Inmate First Sentenced To Death 34 Years Earlier
U1823,user_3,Entertainment,Not So Sunny Day: 'Sesame Street' Axes 3 Beloved Cast Members
U1082,user_2,Crime,Why Cops Call This Accused Kidnapper 'Dumbest Criminal Of The Year'
U9668,user_1,Tech,Google Will Team Up With Ford To Build Self-Driving Cars: Report
U5027,user_2,Crime,How to Prevent Summertime Scams
U3736,user_1,Tech,Rare Photos From Steve Jobs' 1996 Return To Apple Appear On Flickr (PHOTOS)
U1960,user_1,Tech,"Google, Facebook See No Significant Impact On Business From NSA Revelations"
U9826,user_3,Entertainment,Police Chief Buys Car For Homeless Family So Kids Can Get To School
U1501,user_2,Crime,Missouri Executes Man Convicted Of Strangling 19-Year-Old
U7771,user_2,Crime,Police Seek Public's Help In School Counselor Murder Investigation
U5177,user_1,Tech,Artificial Intelligence Is Here To Change Your Life
U4144,user_3,Entertainment,Meryl Streep Almost Got 'Rumbled' By The Rock During Academy Awards Mix-Up
U8393,user_3,Entertainment,Our TV Overlords Command: Watch Our Commercials or Else!
U4512,user_3,Entertainment,Jim Carrey Spins Donald Trump's Thanksgiving Telephone Rant With Troops
U4245,user_1,Tech,"Hands-Free Tech Like Siri Can Be Dangerous For Drivers, Study Says"
U2162,user_2,Crime,"'Cowards' Beat Man With Cerebral Palsy, Post Video on Facebook"
U9631,user_3,Entertainment,First Daughter Malia Obama Spotted On The Set Of HBO's 'Girls'
U5414,user_2,Crime,"Daniel Clement Chafe, Rape Suspect Fugitive, Captured After 15 Years"
U3082,user_1,Tech,"Facebook Earnings Crush, Stock Skyrockets"
U5309,user_3,Entertainment,Mr. Burns Gets A Famous Secret Lover
U2309,user_1,Tech,Navy Will Soon Be Able To Launch Surprise Drone Attacks From The Deep Sea
U2661,user_2,Crime,NYPD Union Responds To Calls For Reform By Shaming The Homeless
U1105,user_3,Entertainment,"Donald Trump, Please Remember Your Past Interest In The Environment"
U8072,user_1,Tech,The Invisible Girl and Why Women Technologists Are Invisible
U7533,user_1,Tech,DARPA's New Mind-Reading Binoculars Are Scary-Efficient At Identifying Enemies
U1808,user_1,Tech,Facebook Is Cracking Down On Racist Posts In Germany
U3418,user_3,Entertainment,'Bachelor' Curse Strikes Again As Nick Viall And Vanessa Grimaldi Split
U3175,user_3,Entertainment,Newlyweds Benedict Cumberbatch And Sophie Hunter Are Too Sweet For Words
U6005,user_3,Entertainment,'Moana' Sails Straight To The Top Of The Box Office With Massive $81.1 Million Opening
U5906,user_3,Entertainment,"Anaconda, Shake It Off and Ice Bucket Challenges Dominate The Web"
U6621,user_1,Tech,Facebook Bug Asks Users If Puppies And Bahamas Vacations Are Hate Speech
U3052,user_1,Tech,The Insidiousness of Facebook Messenger's Android Mobile App Permissions (Updated)
U5919,user_3,Entertainment,Bikini-Clad Hilary Duff Beaches It In Hawaii
U3758,user_1,Tech,New 'Star Wars: Battlefront' Trailer Lands -- And It's Slicker Than A Greased-Up 3PO
U8628,user_3,Entertainment,"Meghan Markle And Prince Harry Kept This Part Of Their Love Story A 'Mystery,' New Book Says"
U5958,user_2,Crime,Police Release Photos Of Charleston Church Shooting Suspect
U9610,user_2,Crime,Police in Death Penalty States Must Be Required to Record Interrogations
U6155,user_3,Entertainment,Lady Gaga & Tony Bennett's Duets Jazz Album Set To Arrive In January 2014
U1121,user_2,Crime,Death Threats Against Bowe Bergdahl's Family Investigated By FBI
U2994,user_3,Entertainment,"Kristen Stewart, Ben Affleck Really Will Star Together In Sexy Comedy 'Focus'"
U7170,user_3,Entertainment,"Stanley Donen, Director Of 'Singin' In The Rain,' Dies At 94"
U3727,user_1,Tech,China's Hunger For iPhones Keeps Growing
U2606,user_3,Entertainment,The Defriender: A Short Mother's Day Film
U6430,user_2,Crime,"Funeral Held For Timothy Owens, Fort Hood Victim"
U6059,user_2,Crime,It's Time For Random Street Checks To Stop
U4802,user_3,Entertainment,"'Channel Orange' Goes Gold: Frank Ocean's Latest Sells 500,000"
U6540,user_2,Crime,"Man Returns Stolen Mortuary Van After Finding Body Inside, Police Say"
U5528,user_1,Tech,"Twitter Hacked: Company Says Data From 250,000 Accounts May Have Been Accessed, Stolen By Hackers"
U1250,user_3,Entertainment,'The Defenders' Showrunner Explains Why The Season Was So Short
U8599,user_3,Entertainment,"Kelly Clarkson Rejects 'Moment Of Silence,' Calls For Change At Billboard Music Awards"
U6666,user_1,Tech,Watch The Top 9 YouTube Videos Of The Week
U3325,user_1,Tech,State Department's Cybersecurity Weakened Under Hillary Clinton
U6227,user_2,Crime,Stephanie Gribble Arrested After 4 Children Allegedly Overdose At Unlicensed Day Care
U4374,user_2,Crime,Kentucky Man Arrested For Shooting Down Neighbor's Drone
U8705,user_1,Tech,California Says Self-Driving Cars Still Require Human Drivers
U0472,user_1,Tech,"London Olympics Attendees Asked To Knock Off Tweeting, Texting -- It's Hurting TV"
U4151,user_1,Tech,Apple Removes Green EPEAT Electronics Certification From Products
U8570,user_3,Entertainment,The 'Musically Schizophrenic' Genius Of Gary Clark Jr.
U2788,user_1,Tech,Is Information Moving 'Too Fast'' Today?
U4514,user_1,Tech,The Battle To Save Silicon Valley's Oldest Trailer Park
U9081,user_1,Tech,"Tesla Autopilot Was Engaged During Horrific 60 MPH Crash, Driver Tells Police"
U9450,user_2,Crime,Officer Caught On Video Punching Woman Resigns
U9883,user_3,Entertainment,'Sherlock' Actress Amanda Abbington Says Her Purse Was Stolen At The Emmy Awards
U5745,user_1,Tech,Windows 8 Vocabulary Terms You Need To Talk Intelligently About Microsoft's New OS
U3654,user_3,Entertainment,Kim Kardashian Spills The Tea On Why She Split With Monica Rose
U5561,user_2,Crime,"Former National Guard Member Arrested, Charged With Attempting To Support ISIS"
U4785,user_2,Crime,"No Freedom For 'Making A Murderer's' Brendan Dassey, Court Rules"
U2158,user_2,Crime,15-Year-Old Boy Killed Protecting Little Sister From Home Invader
U5374,user_1,Tech,"iPhone 5, iPad Mini Release Date, And iPad '4': This Week In Apple Rumors"
U2636,user_1,Tech,Hackers Made $100 Million With Info From Stolen Press Releases: FBI
U3708,user_2,Crime,Florida Man Sentenced For Running Over Ducks With Lawnmower
U1350,user_1,Tech,Watch The Top 9 YouTube Videos Of The Week
U5818,user_1,Tech,WhatsApp Co-Founder To Leave Company Amid Disagreements With Facebook
U9033,user_2,Crime,Could This Man Die Because His Lawyer Was An Alcoholic?
U0337,user_1,Tech,#ILookLikeAnEngineer Destroys The Tech Nerd Stereotype
U4019,user_2,Crime,"Catalina Clouser, Pot-Smoking Mother, Drives Off With Baby On Roof"
U3830,user_2,Crime,Ex-Vanderbilt Football Player Found Guilty In Gang Rape Of Unconscious Student
U6222,user_1,Tech,iOS 9.3 Link Glitch Is Ruining Some iPhones
U4549,user_1,Tech,Nokia Lumia 900 Price Cut To $50
U3912,user_1,Tech,"Your Next iPhone Might Not Have To Be Plugged In To Anything, Ever"
U3890,user_2,Crime,"Could a LA-Style Threat Assessment Team Have Thwarted the Isla Vista, Seattle or Oregon Shooting Sprees?"
U2158,user_2,Crime,Innocent Bystanders: How Inept Attorneys Enable Wrongful Convictions
U6865,user_3,Entertainment,Jimmy Fallon's Tribute To His Late Mother Will Have You Reaching For Tissues
U2282,user_3,Entertainment,Delroy Lindo Is Finally Getting His Due
U3275,user_3,Entertainment,Jeopardy Contestant Burns Liberals With Hilariously Wrong Response
U5275,user_1,Tech,This Is Why You Should Never Send A Terrorist Threat To An Airline On Twitter
U0008,user_3,Entertainment,Eminem Opens Up About Almost 'Dissing' Kanye West And Drake During Period Of Insecurity
U0637,user_2,Crime,Suspected Drunken Driver Smashes Into Helicopter
U7697,user_1,Tech,Google Forms New Virtual Reality Division
U0884,user_2,Crime,Anything But Florissant
U1149,user_2,Crime,George Zimmerman: God Is The 'Only Judge That I Have To Answer To'
U7068,user_1,Tech,Experts Are Building A 'Pokemon Go' Robot For Everyone To Play With
U7385,user_2,Crime,Fugitive Caretakers Allegedly Steal WWII Veteran's Life Savings
U2384,user_2,Crime,KKK Leader's Widow And Stepson Charged In His Death
U6416,user_1,Tech,Get Ready To Capture Pokémon In The Real World With Your Smartphone
U3141,user_3,Entertainment,The New 'SNL: Weekend Update' Is Certainly Going To Be Political
U1629,user_1,Tech,Congress Needs To Get Smarter About Tech. Here's How It Could Do That
U0444,user_2,Crime,276 Dogs Rescued From A Single New Jersey Home After Hoarding Nightmare
U5386,user_1,Tech,Black Friday 2015: The Best Deals Around The Web
U2999,user_1,Tech,Google Maps Just Made It Easier To Figure Out Where You're Going
U8323,user_3,Entertainment,George R.R. Martin Says 'GoT' Season 5 Deaths Will Surprise Book Readers
U2302,user_1,Tech,Alan Turing Google Logo Honors Genius' 100th Birthday With Mind-Bending Puzzle Game
U8097,user_3,Entertainment,'Gilmore Girls' Creator Addresses Those Movie Rumors
U0896,user_2,Crime,Fleeing Kidnapping Suspect Identified
U3777,user_1,Tech,Facebook's Gun Ban Isn't Working
U3866,user_2,Crime,"As Nation Stays Home, Early Indicators Suggest Rise In Domestic Violence Killings"
U8442,user_3,Entertainment,Kim Kardashian Takes Her Cry Face To A Whole New Level
U8869,user_1,Tech,Here's Beautiful Drone Footage Of Your Next Vacation Spot
U8952,user_3,Entertainment,'Frozen' Villain Responds To Disturbing Fan Theory
U1277,user_1,Tech,Scroogled or Binged? A Guide to Online Holiday Guides
U5589,user_3,Entertainment,Madonna Says Her Women's March Speech Was Taken 'Wildly Out Of Context'
U0528,user_1,Tech,"After Cyberattack, Sven Olaf Kamphuis Is At Heart Of Investigation"
U8039,user_1,Tech,"Twitter Hacked: Company Says Data From 250,000 Accounts May Have Been Accessed, Stolen By Hackers"
U9726,user_2,Crime,Manhunt Underway For 2 Murderers Who Escaped NY Prison
U3502,user_3,Entertainment,'Great Gatsby' Box Office Bested By 'Iron Man 3'
U3026,user_3,Entertainment,'The Hobbit: An Unexpected Journey' & HFR 3D: Film Ushers In New Technology
U6503,user_2,Crime,Missing Louisiana Teen's Sister: 'She Is Our Heart And We Want Her Home'
U3013,user_3,Entertainment,Twitter Was Super Upset The Last Day Of Governors Ball Was Canceled
U4568,user_2,Crime,17 People Injured In Shootout At New Orleans Playground
U6943,user_1,Tech,Can These Women Save Silicon Valley?
U5356,user_1,Tech,See 54 Years Of Internet History In One Cool Timeline
U0820,user_1,Tech,Is NYC Beating DC in Tech?
U6531,user_2,Crime,"Oklahoma Girl Shoots Home Intruder: 12-Year-Old Uses Family's Gun To Protect Self, Home"
U8679,user_3,Entertainment,Here's What It's Like To Have Tina Fey Play You In A Movie
U9147,user_3,Entertainment,Stephen Colbert Sings About The Taylor Swift-Tom Hiddleston Breakup
U6019,user_3,Entertainment,Paul Walker's Brother Cody Marries His Girlfriend Felicia Knox
U9241,user_3,Entertainment,Miley Cyrus Probably Made Less Than The 'Hannah Montana' Co-Stars You Can't Even Name
U8856,user_1,Tech,Apple's New iPhone SE Is Much Cheaper Than Previous Models
U7610,user_1,Tech,Watch The Top 9 YouTube Videos Of The Week
U0576,user_1,Tech,Facebook Safety Check For Pakistan Bombing Accidentally Goes Worldwide
U9409,user_3,Entertainment,"Ne-Yo 'R.E.D' Reviews, 'Skyfall' Critiques, Aerosmith's Latest Notices and More: The Week In Ouch"
U6431,user_3,Entertainment,Jennifer Lawrence Says She Was Punished For Standing Up To Inappropriate Director
U8002,user_1,Tech,Iran Blocks Google As It Prepares To Launch Its Own Internet
U2461,user_2,Crime,Ferguson Protesters Chain Mall Doors Shut In Seattle: Cops
U9662,user_3,Entertainment,'Dunkirk' And 'Girls Trip' Enjoyed Quite A Ride At The Box Office This Weekend
U3582,user_1,Tech,iPhone 5: It's Morning in Technology Land
U1284,user_2,Crime,Death Penalty
U4647,user_2,Crime,1 Killed After Shooting At North Carolina Mall
U1598,user_3,Entertainment,Britney And Her Boys Recreate Her 'Oops' Album Cover Photo
U7779,user_3,Entertainment,The Unbearable Burden of Being Sophie Hunter
U1593,user_3,Entertainment,Cynthia Nixon Is Reportedly Weighing A Big Role: New York Governor
U3299,user_3,Entertainment,Kim Kardashian Reveals When She Decided To Introduce Pete Davidson To Her Kids
U6858,user_1,Tech,Some Government Agencies Still Uses Floppy Disks
U8831,user_1,Tech,Twitter's Latest Change Probably Wouldn't Have Helped Leslie Jones
U6871,user_3,Entertainment,"27 Perfect Tweets About 'The Bachelorette' Season 13, Episode 3"
U4658,user_3,Entertainment,'Game Of Thrones' Star Finally Shoots Down Horrible Sansa Theory
U8819,user_3,Entertainment,'Rogue One' Crushes Box Office Competition With Massive $155 Million Debut
U6636,user_3,Entertainment,Kevin Hart Weighs In On Kathy Griffin And Bill Maher: 'That's A Bad Judgment'
U4941,user_2,Crime,"No Evidence That Man Who Attacked Cop Was Part Of Organized Cell, FBI Says"
U9466,user_1,Tech,Apple Black Friday Deals That Are Actually Worth Your Time And Money
U0718,user_3,Entertainment,"Troye Sivan's New Single 'My, My, My' Is A Flashy, Sexy Dream"
U5697,user_2,Crime,Escaped Inmate Richard Matt Was Drunk At Time Of Death: Autopsy
U2023,user_3,Entertainment,I Built a Movie Theater -- and a Film Festival -- and I'd Like You to Come to It
U0044,user_1,Tech,When Is It Okay To Mine Hacked Emails?
U8154,user_2,Crime,Tampa Police Arrest Suspect Amid Serial Killer Fears
U3184,user_3,Entertainment,Autopsy Planned For Bobbi Kristina Brown
U3635,user_1,Tech,Verizon Drops Contracts And Subsidies For New Customers
U6974,user_3,Entertainment,Amy Schumer Denies She Has A 'Blind Spot' About Race
U5585,user_3,Entertainment,"7 Reasons Why We Love Patrick Stewart, On His 75th Birthday"
U9325,user_2,Crime,Sylvester Stallone Denies Sexually Assaulting 16-Year-Old Fan In The '80s
U0440,user_1,Tech,'Finding Nemo' Told With Emoji Is Pretty Freaking Adorable
U1316,user_3,Entertainment,Thank God for the Coen Brothers!
U2429,user_3,Entertainment,'Star Wars' Actors Pay Tribute To Carrie Fisher After Her Death
U3893,user_1,Tech,"iPhone 5 Release Date, iPad Mini And New MacBook Pro: This Week In Apple Rumors"
U2367,user_2,Crime,Suicide Suspected In Death Of Army Vet Charged With Executing Her Dog On Video
U2294,user_2,Crime,3 People Shot In 1 Week By Toddlers Wielding Guns
U3157,user_2,Crime,Buffalo Suspect Embraced Racist 'Replacement' Conspiracy Pushed By Tucker Carlson
U6378,user_3,Entertainment,Blac Chyna's New 'Aqua Berry' Blue Hair Is Fit For A Mermaid Princess
U1883,user_1,Tech,"Microsoft's Vague New Privacy Terms, Explained"
U4845,user_1,Tech,How Does Facebook Make Money?
U6068,user_2,Crime,"Darth Vader Robs Bank, Flees On Bike In Ohio"
U6705,user_2,Crime,At Least 40 Shot In Chicago Weekend Wave Of Violence
U3503,user_1,Tech,The New iPhone's Coolest Photo Feature Just Got A Lot Cooler
U5182,user_2,Crime,Don't Count On 'Me Too' To Sway The Bill Cosby Jury
U8589,user_2,Crime,Dylann Roof's Sister Accused Of Having Weapons At School During National Walkouts
U4892,user_1,Tech,Inside The Hunt For The Uber Hacker
U7522,user_1,Tech,"Unlocking iPhone Would Expose 'Hundreds Of Millions' To Cyber Attacks, Apple Says"
U1886,user_2,Crime,Mississippi River Seeing Near-Record Flood Levels As Death Toll Climbs
U8588,user_2,Crime,Police Arrest Mother Of Newborn Found Buried Alive
U0262,user_3,Entertainment,'Star Wars: The Last Jedi' Premieres With Humorous Carrie Fisher Tribute
U7449,user_1,Tech,The 'Pokemon Go' Servers Went Down And People Totally Freaked Out
U5583,user_1,Tech,Your Data for Black Friday and Cyber Monday Deals
U9685,user_1,Tech,This Is Your Brain On Facebook
U0920,user_3,Entertainment,'Ascension' Is a December Rarity; It Doesn't Have a Christmas Theme
U0059,user_2,Crime,College Football Player Used Drugs Before Texas Police Shooting: Autopsy
U5311,user_3,Entertainment,"Rian Johnson, 'Looper' Director, On 'Breaking Bad' And The Problem With 'Star Wars'"
U1047,user_2,Crime,1 Person Found Dead After Explosion Rocks Site Of Alleged Domestic Hostage Situation
U9839,user_3,Entertainment,"Pearl Jam, Guns N' Roses, Screaming Trees Supergroup In The Works"
U3504,user_3,Entertainment,Kanye West And John Legend Talk Trump At Chrissy Teigen's Baby Shower
U8839,user_3,Entertainment,The Obamas Are Coming To Your Netflix Queue
U1780,user_1,Tech,This Anti-Bullying App Helps You Brighten Someone's Day In Seconds
U5206,user_3,Entertainment,Harvey Weinstein’s City Of Stars
U2898,user_1,Tech,Here's What Happens When You're Too Obsessed With Instagram
U1500,user_2,Crime,Driver Faces Charges After Woman Dies Vomiting Out Car Window
U0328,user_1,Tech,Apple Earnings Ahoy: Company Heads Into Choppy Waters As New iPhone Awaited
U4982,user_1,Tech,Watch The Top 9 YouTube Videos Of The Week
U3974,user_2,Crime,Man Allegedly Kills 4 Puppies Belonging To Former Girlfriend
U1690,user_1,Tech,Watch The Top 9 YouTube Videos Of The Week
U1514,user_1,Tech,"Google, Uber, Ford Unite To Get Driverless Cars On Roads"
U5895,user_3,Entertainment,"Noah Cyrus Talks New Tattoos, New Album, And Having A Famous Family"
U1170,user_1,Tech,Ashley Madison Hackers Taunt CEO In New Data Dump: Report
U9673,user_1,Tech,The Woman Behind The Game-Changing 'Star Wars Battlefront'
U1275,user_3,Entertainment,One Direction Slowed It Down On 'SNL'
U9116,user_2,Crime,Charleston Church Shooter Dylann Roof Pleads Guilty To State Murder Charges
U7944,user_3,Entertainment,"‘The Batman,’ Still No. 1, Crosses $300 Million"
U9925,user_2,Crime,"What to Watch for in the FIFA Case, Part 5: Vague Laws and Prosecutorial Discretion"
U4704,user_2,Crime,Elementary School Teacher Accused In Rape Of Former Student
U7782,user_1,Tech,Uber Settles Illegal Practices Lawsuit For Multi-Million Sum
U4394,user_2,Crime,"Jeremiah Oliver, Missing Boy, Was Supposed To Get Regular Social Worker Visits"
U6142,user_3,Entertainment,Chris Pratt Posts Adorable Family Photo With Anna Faris And Son Jack
U3876,user_1,Tech,25 Tips For Remaking Cities In The iPhone Age
U9235,user_1,Tech,You Should Be Worried If The FBI Can Hack iPhones Without Apple
U2830,user_3,Entertainment,"'I Hit It First,' Ray J's New Single, Reportedly Aimed At Kim Kardashian"
U5459,user_3,Entertainment,"Joan Lee, Wife Of Marvel's Stan Lee, Has Died"
U7386,user_3,Entertainment,"Dog Ears Music: Black Friday Playlist -- ""One Debt Away"""
U4879,user_2,Crime,Bones Found Under Garage Could Solve 62-Year Cold Case
U0554,user_1,Tech,T-Mobile Confirms It Slows Connections To Video Sites
U5658,user_1,Tech,Microsoft's 'Smart Mirror' Can Read Your Emotions
U9218,user_1,Tech,"Elon Musk, Before He Was Famous"
U0508,user_1,Tech,"eWise: Facebook Plagiarism, Misunderstood 'Likes'"
U4780,user_1,Tech,France Gives Facebook 3 Months To Stop Tracking 'Non-Users'
U7038,user_2,Crime,Easter Bunny Gets Hopping Mad In New Jersey Mall Brawl
U8511,user_3,Entertainment,Here's Your First Look At 'Finding Dory'
U4184,user_1,Tech,The Coolest Job You Probably Didn't Even Know Existed
U3935,user_1,Tech,Here's How This Guy Took A Pioneering Selfie In 1935
U0007,user_1,Tech,The Very Best Apple Black Friday Deals In The U.S.
U2662,user_3,Entertainment,Britney And Her Sons Cover People Magazine
U5130,user_3,Entertainment,"Beyoncé Shows Off Her Rap Skills Onstage With Jay-Z, And The Crowd Loses It"
U9085,user_1,Tech,Amazon and Local. Almost Friends.
U4302,user_3,Entertainment,Christmas Just Came Early For 'Harry Potter' Fans
U8499,user_2,Crime,"Prosecution Can't Prove Woman Didn't Want To Be Set On Fire, Lawyer Says"
U8007,user_2,Crime,To Those of You on Hunger Strike
U7041,user_2,Crime,UCSB Suspect's Rampage Started At Home: Sheriff
U6313,user_3,Entertainment,Jennifer Hudson To Play Aretha Franklin In Biopic
U7655,user_3,Entertainment,Justin Bieber Angers PETA By Posing With Chained Tiger At Dad's Engagement Party
U4828,user_1,Tech,Watch The Top 9 YouTube Videos Of The Week
U2890,user_1,Tech,"Technology, Not Policy, Will Drive Economic Growth"
U6795,user_2,Crime,ISIS Claims Minnesota Mall Attack Was Carried Out By Supporter
U2017,user_1,Tech,"Facebook Smashes Expectations, Stocks Skyrocket"
U0042,user_3,Entertainment,"‘Mame,’ ‘Hello, Dolly!’ Composer Jerry Herman Dead At 88"
U2887,user_2,Crime,Zimmerman Case Proves That the Left Was Right on Crime
U1791,user_2,Crime,Alleged Dognapping Caught On Video
U7186,user_3,Entertainment,Carrie Underwood Sizzles In Tiny Shorts At Apple Music Festival
U3211,user_2,Crime,America's Children: The Trials of Growing Up in a Police State
U8713,user_1,Tech,Facebook Reportedly Beta-Testing 'Downvote' Button
U9784,user_2,Crime,Ex-Cop Says Baltimore Police Carried BB Guns To Hide Dirty Shootings
U4066,user_3,Entertainment,Will Michael B. Jordan And Lupita Nyong'o Please Just Date Already?
U3947,user_3,Entertainment,The Onion Is Getting Into The Movie Business
U5055,user_1,Tech,The Content Brief: What's Hot at SXSW?
U6936,user_3,Entertainment,Mad About 'Mad Men'
U3657,user_3,Entertainment,Go See '20th Century Women' This Weekend To Support Planned Parenthood
U6595,user_2,Crime,Nashville Bombing Suspect Told Neighbor: The World Will Never Forget Me
U9141,user_3,Entertainment,"Robert Downey Sr., Filmmaker Father of Robert Downey Jr., Dead At 85"
U8209,user_3,Entertainment,Jay Z Sings Along To Beyoncé During Her Made In America Show Because That's What Love Is
U6494,user_1,Tech,This T-Shirt Will Let You 'See' Inside The Human Body
U7930,user_2,Crime,"Woman In Heroin Deaths Panicky Then Calm, Police Say"
U6524,user_2,Crime,Man Accused Of Killing NYPD Officer Pleads Not Guilty
U9598,user_1,Tech,"How Digital Platforms Like LinkedIn, Uber And TaskRabbit Are Changing The On-Demand Economy"
U3862,user_1,Tech,"iPad Mini Event Invitations, Video, And Photos: This Week In Apple Rumors"
U8778,user_2,Crime,"Broken Windows, Broken Trust"
U8993,user_3,Entertainment,Which Celebrities Did Not Bite Beyoncé's Face? An Updating List.
U5653,user_3,Entertainment,Kelly Clarkson Kills Cover Of Taylor Swift's 'Blank Space'
U7419,user_1,Tech,"Google's Massive Book-Scanning Project Is Legal, U.S. Court Rules"
U9683,user_3,Entertainment,Is ‘The Nutcracker And The Four Realms’ Actually Good? (No.)
U8766,user_1,Tech,Swarm Of 100 Drones Dance To Beethoven's 'Symphony No. 5' In The Night Sky
U7098,user_1,Tech,'Fire Emblem Fates' Will Teach You Harsh Lessons In Life And Death
U2971,user_3,Entertainment,'Hunger Games' Tributes: Get To Know Katniss' Competition (PHOTOS)
U0719,user_2,Crime,"Christian Oberender, Convicted Killer, Gets Gun Permit And Buys Arsenal Of Weapons"
U4857,user_1,Tech,"How To Use Peach, Your New Social Media Obsession"
U1469,user_2,Crime,'Affluenza' Teen Stall Tactics 'Delaying The Inevitable'
U0444,user_2,Crime,Police Make Arrest In SoCal Lemonade Stand Heist
U5717,user_2,Crime,4-Year-Old Girl Dies After Being Left In Car For Hours On A Hot Day
U1879,user_2,Crime,Accused Killer Wanted 'Army Of People Who'd Do Anything He Asked'
U8091,user_2,Crime,3 Suspects Arrested In Fatal Shooting Of 2 Cops
U7344,user_1,Tech,Watch The Top 9 YouTube Videos Of The Week
U6270,user_2,Crime,6 Insanely Complicated Murder Plots (That Actually Happened)
U0374,user_3,Entertainment,"Woman Breaks Into Drake’s Home, Helps Herself To Soda And Fiji Water"
U8624,user_1,Tech,Be Your Family's Chief Security Officer
U3513,user_2,Crime,The Next Top Prosecutor and White Collar Crime
U8916,user_1,Tech,Twitter Plans To Start Making Money Off People Who Don't Even Have Accounts
U3777,user_3,Entertainment,Kylie Jenner's Musical Debut Is Nothing Short Of Underwhelming
U9354,user_2,Crime,"Los Angeles Party Shooting Kills 3, Wounds A Dozen"
U3657,user_1,Tech,Apple's Next MacBook Will Probably Be Terrible For The Planet
U1988,user_1,Tech,"Americans Will Soon Order Most Of Their Food Online, Further Shunning Human Interaction"
U9056,user_2,Crime,"Larry Kenton Accused Of Hurling Bricks, Racial Slurs Before Escaping On Ex-Wife's Bike"
U6660,user_1,Tech,New Twitter Policy Bans 'Hateful Conduct'
U1897,user_1,Tech,Judge Denies Government's Request To Unlock iPhone In Drug Case
U9391,user_1,Tech,"How Facebook, Twitter Court Political Campaigns"
U4224,user_3,Entertainment,"Rockabilly, Empty Hearts & Psycho Sisters: Chats with Brian Setzer, Elliot Easton, Vicki Peterson & Susan Cowsill... Plus!"
U6532,user_1,Tech,"Adults Must Teach Kids To Use,  Not Be Used By, Social Media"
U2882,user_2,Crime,What It Takes To Convict A Killer Cop
U0464,user_2,Crime,"Pasco Police Shot Mexican Migrant From Behind, New Autopsy Shows"
U1105,user_3,Entertainment,Emily Blunt Is Better Than A Spoonful Of Sugar In 'Mary Poppins Returns' Teaser
U7451,user_3,Entertainment,Megan Fox Is Looking As Gorgeous As Ever
U6689,user_2,Crime,11-year-old Burned After School Driver Asks Him To Move Power Line: Cops
U2877,user_3,Entertainment,Tom Cruise Hilariously Recreates His Film Roles With James Corden
U3183,user_1,Tech,Want to Know What's Next for Social Internet Applications? Start Mudding!
U5229,user_1,Tech,New York City Will Replace Pay Phones With Wi-Fi Hotspots
U8951,user_1,Tech,Consumer Reports Reconsidering Low Rating For Latest MacBook Pro After Apple Issues Bug Fix
U3269,user_2,Crime,Ex-New York Gov. Eliot Spitzer Investigated For Allegedly Assaulting Woman
U8056,user_2,Crime,Somebody Donated A Cooler Filled With Weed To Goodwill
U5952,user_2,Crime,Woman Says Kids Tried To Carjack Her With Highway Dummy
U6007,user_2,Crime,2 Miami Police Officers Shot In Ambush-Style Attack
U2517,user_2,Crime,2 Michigan Families Claim They Found Nails In Halloween Snickers Bars
U2387,user_3,Entertainment,"The Need For Believable Non-White Characters -- Sidekicks, Included"
U8390,user_2,Crime,"Pissed-Off Woman Threw Urine At Neighbor's Home, Police Say"
U8235,user_1,Tech,People Actually Bought These Awful Things On Amazon's 'Prime Day'
U3996,user_2,Crime,Lawsuit Alleges Officers In Birmingham Schools Sprayed Hundreds Of Students With Chemicals
U6295,user_2,Crime,Videos Capture Moment Gunman Opens Fire At Istanbul Nightclub
U7133,user_1,Tech,"Twitter Kills 'Favorite' Button, Replaces With Heart-Shaped 'Likes'"
U2459,user_3,Entertainment,"Taylor Swift And Ruby Rose Accidentally Took A Video, As We All Have"
U5416,user_3,Entertainment,Chrissy Metz Says She Was Physically Abused By Her Stepfather As A Teen
U2476,user_1,Tech,Facebook Backtracks After Telling Reporter It Suggests Friends Based On Phone Location Data
U7665,user_3,Entertainment,Get Ready For The Second Coming Of Billy Eichner On 'American Horror Story: Cult'
U1236,user_3,Entertainment,World Party on Tour: Long Live Rainbows and Revolutions
U8535,user_3,Entertainment,Charlie Puth Performs 'See You Again' In Honor Of Christina Grimmie
U4928,user_1,Tech,Facebook Is The Enemy Now
U3305,user_2,Crime,Zimmerman Verdict Exposes Deficiencies in U.S. Self-Defense Law
U8987,user_2,Crime,"Los Angeles Party Shooting Kills 3, Wounds A Dozen"
U2815,user_1,Tech,"Armin Van Buuren, Luke Bryan Top List Of Most Dangerous Celebrities Online"
U6418,user_3,Entertainment,Carrie Underwood Went Skydiving And She's Got Epic Photos To Prove It
U8121,user_3,Entertainment,"Dwayne 'The Rock' Johnson's 10-Pound, 7-Meal Diet Is Too Much For A Mere Mortal"
U5263,user_1,Tech,Mark Zuckerberg: Facebook Is Working On A 'Dislike' Button
U8831,user_3,Entertainment,"'Bridget Jones's Baby' Is Worth The Wait, And A Whole Lot Of Fun"
U1493,user_2,Crime,"YouTube Shooter Was 'Upset' With Company, Police Say"
U2455,user_3,Entertainment,"Frank Ocean Drops Visual Album ‘Endless’ On Apple Music, Another Album May Come This Weekend"
U0714,user_3,Entertainment,Miley Cyrus Gets Tattoo Of Dead Dog
U6681,user_1,Tech,How to Cheat the Iron Triangle With Tony Schwartz
U8028,user_1,Tech,Jack Dorsey Named Permanent CEO Of Twitter
U7204,user_2,Crime,Child's Casket Containing Human Organs Found On Pennsylvania Sidewalk
U7097,user_2,Crime,"Queens Man Unaware Of $2 Bail, Spends Nearly 5 Months At Rikers Island"
U3014,user_1,Tech,Navy Will Soon Be Able To Launch Surprise Drone Attacks From The Deep Sea
U4362,user_2,Crime,"S.C. Man Wanted White Supremacists To Kill Black Neighbor, Burn Cross In His Yard: FBI"
U2198,user_1,Tech,German Carmakers Want To Use Drivers' Data To Take On Google Maps
U0814,user_3,Entertainment,The Future of Music Festivals: How Technology Is Shaping a New Era of Experiences
U8472,user_3,Entertainment,'Maze Runner' Star Dylan O'Brien Reportedly Run Over By Car During Filming
U1576,user_1,Tech,Women Who Write About Tech Are Still Being Abused Online
U9541,user_1,Tech,More States Just Dealt A Blow To Uber Drivers Seeking Benefits
U1640,user_2,Crime,"Leah Shipman, Ex-Teacher, Marries North Carolina Student She Was Accused Of Having Sex With"
U1555,user_1,Tech,Self-Driving Uber In Fatal Accident Had 6 Seconds To React Before Crash
U7556,user_3,Entertainment,Bill Maher Lets 'Impish Brit' Milo Yiannopoulos Off Easy
U4202,user_1,Tech,"Smartphones May Actually Be Killing TV, New Nielsen Data Shows"
U4569,user_3,Entertainment,This Woman's 'Orange Is The New Black' Impressions Are Spot On
U6748,user_2,Crime,"Terrifying Photo Shows Robber Pointing Gun In Guard's Face During $300,000 Queens Heist"
U0428,user_3,Entertainment,Nurse Jackie Is at Its Most Dramatic This Season
U7330,user_1,Tech,The New Type Of Happiness Of 2017: Synthetic Happiness
U2754,user_1,Tech,The FBI Could Be Eavesdropping On Your Toaster
U1777,user_3,Entertainment,'Noah' Floats With $15.2 Million On Opening Day
U2967,user_1,Tech,Twitter Is Losing Customers And Its Stock Is Plummeting
U2179,user_2,Crime,"If You’re On The Internet Talking About A Shooting, Remember These Things"
U6041,user_3,Entertainment,Tipsy Kit Harrington: From Throne To Thrown Out Of Manhattan Bar
U1606,user_2,Crime,Parents Charged With Homicide In Starvation Death Of Autistic Son
U3426,user_1,Tech,Genius Hack Shows How To Use Amazon Prime Now To Help The Homeless
U5980,user_1,Tech,Windows 8 Vocabulary Terms You Need To Talk Intelligently About Microsoft's New OS
